"Question 1|Toy Story|Finding Nemo"
"Question 2|Toy Story|Snow White and the Seven Dwarves"
"Question 3|Toy Story|The Incredibles"
"Question 4|Toy Story|Wall-E"
"Question 5|Toy Story|The Nightmare Before Christmas"
"Question 6|Toy Story|Finding Dory"
"Question 7|Toy Story|Winnie the Pooh"
"Question 8|Toy Story|Lilo & Stitch"
"Question 9|Toy Story|Despicable Me"
"Question 10|Toy Story|The Lion King"
"Question 11|Toy Story|Madagascar"
"Question 12|Toy Story|Toy Story 2"
"Question 13|Toy Story|How to Train Your Dragon"
"Question 14|Toy Story|Ratatouille"
"Question 15|Toy Story|Moana"
"Question 16|Toy Story|The Little Mermaid"
"Question 17|Toy Story|Frozen"
"Question 18|Toy Story|Big Hero 6"
"Question 19|Toy Story|Wreck-It Ralph"
"Question 20|Toy Story|Mulan"
"Question 21|Toy Story|Kung Fu Panda 2"
"Question 22|Toy Story|Phineas and Ferb The Movie"
"Question 23|Toy Story|Brave"
"Question 24|Toy Story|Despicable Me 2"
"Question 25|Toy Story|Penguins of Madagascar"
"Question 26|Toy Story|Meet the Robinsons"
"Question 27|Toy Story|Madagascar: Escape 2 Africa"
"Question 28|Toy Story|How the Grinch Stole Christmas"
"Question 29|Toy Story|Up"
"Question 30|Toy Story|Coco"
"Question 31|Toy Story|The Lego Movie"
"Question 32|Toy Story|Beauty and the Beast"
"Question 33|Toy Story|The Lady and the Tramp"
"Question 34|Toy Story|Tangled"
"Question 35|Toy Story|Kung Fu Panda"
"Question 36|Toy Story|Jungle Book"
"Question 37|Toy Story|Madagascar 3: Europe's Most Wanted"
"Question 38|Toy Story|Ice Age"
"Question 39|Toy Story|Happy Feet"
"Question 40|Toy Story|Rise of the Guardians"
"Question 41|Toy Story|Cinderella"
"Question 42|Toy Story|Despicable Me 3"
"Question 43|Toy Story|Polar Express"
"Question 44|Toy Story|Hotel Transylvania"
"Question 45|Toy Story|Chicken Little"
"Question 46|Toy Story|Tom and Jerry"
"Question 47|Toy Story|Toy Story 3"
"Question 48|Toy Story|Inside Out"
"Question 49|Toy Story|Monsters Inc."
"Question 50|Toy Story|The Iron Giant"
"Question 51|Toy Story|Aladdin"
"Question 52|Toy Story|How to Train Your Dragon 2"
"Question 53|Toy Story|Lego Batman"
"Question 54|Toy Story|Bolt"
"Question 55|Toy Story|Peanuts Movie"
"Question 56|Toy Story|Kung Fu Panda 3"
"Question 57|Toy Story|Monsters University"
"Question 58|Toy Story|Horton Hears A Who"
"Question 59|Toy Story|Cars"
"Question 60|Toy Story|The Lorax"
"Question 61|Toy Story|Bee Movie"
"Question 62|Toy Story|Shrek 2"
"Question 63|Toy Story|The Pokemon Movie"
"Question 64|Finding Nemo|Snow White and the Seven Dwarves"
"Question 65|Finding Nemo|The Incredibles"
"Question 66|Finding Nemo|Wall-E"
"Question 67|Finding Nemo|The Nightmare Before Christmas"
"Question 68|Finding Nemo|Finding Dory"
"Question 69|Finding Nemo|Winnie the Pooh"
"Question 70|Finding Nemo|Lilo & Stitch"
"Question 71|Finding Nemo|Despicable Me"
"Question 72|Finding Nemo|The Lion King"
"Question 73|Finding Nemo|Madagascar"
"Question 74|Finding Nemo|Toy Story 2"
"Question 75|Finding Nemo|How to Train Your Dragon"
"Question 76|Finding Nemo|Ratatouille"
"Question 77|Finding Nemo|Moana"
"Question 78|Finding Nemo|The Little Mermaid"
"Question 79|Finding Nemo|Frozen"
"Question 80|Finding Nemo|Big Hero 6"
"Question 81|Finding Nemo|Wreck-It Ralph"
"Question 82|Finding Nemo|Mulan"
"Question 83|Finding Nemo|Kung Fu Panda 2"
"Question 84|Finding Nemo|Phineas and Ferb The Movie"
"Question 85|Finding Nemo|Brave"
"Question 86|Finding Nemo|Despicable Me 2"
"Question 87|Finding Nemo|Penguins of Madagascar"
"Question 88|Finding Nemo|Meet the Robinsons"
"Question 89|Finding Nemo|Madagascar: Escape 2 Africa"
"Question 90|Finding Nemo|How the Grinch Stole Christmas"
"Question 91|Finding Nemo|Up"
"Question 92|Finding Nemo|Coco"
"Question 93|Finding Nemo|The Lego Movie"
"Question 94|Finding Nemo|Beauty and the Beast"
"Question 95|Finding Nemo|The Lady and the Tramp"
"Question 96|Finding Nemo|Tangled"
"Question 97|Finding Nemo|Kung Fu Panda"
"Question 98|Finding Nemo|Jungle Book"
"Question 99|Finding Nemo|Madagascar 3: Europe's Most Wanted"
"Question 100|Finding Nemo|Ice Age"
"Question 101|Finding Nemo|Happy Feet"
"Question 102|Finding Nemo|Rise of the Guardians"
"Question 103|Finding Nemo|Cinderella"
"Question 104|Finding Nemo|Despicable Me 3"
"Question 105|Finding Nemo|Polar Express"
"Question 106|Finding Nemo|Hotel Transylvania"
"Question 107|Finding Nemo|Chicken Little"
"Question 108|Finding Nemo|Tom and Jerry"
"Question 109|Finding Nemo|Toy Story 3"
"Question 110|Finding Nemo|Inside Out"
"Question 111|Finding Nemo|Monsters Inc."
"Question 112|Finding Nemo|The Iron Giant"
"Question 113|Finding Nemo|Aladdin"
"Question 114|Finding Nemo|How to Train Your Dragon 2"
"Question 115|Finding Nemo|Lego Batman"
"Question 116|Finding Nemo|Bolt"
"Question 117|Finding Nemo|Peanuts Movie"
"Question 118|Finding Nemo|Kung Fu Panda 3"
"Question 119|Finding Nemo|Monsters University"
"Question 120|Finding Nemo|Horton Hears A Who"
"Question 121|Finding Nemo|Cars"
"Question 122|Finding Nemo|The Lorax"
"Question 123|Finding Nemo|Bee Movie"
"Question 124|Finding Nemo|Shrek 2"
"Question 125|Finding Nemo|The Pokemon Movie"
"Question 126|Snow White and the Seven Dwarves|The Incredibles"
"Question 127|Snow White and the Seven Dwarves|Wall-E"
"Question 128|Snow White and the Seven Dwarves|The Nightmare Before Christmas"
"Question 129|Snow White and the Seven Dwarves|Finding Dory"
"Question 130|Snow White and the Seven Dwarves|Winnie the Pooh"
"Question 131|Snow White and the Seven Dwarves|Lilo & Stitch"
"Question 132|Snow White and the Seven Dwarves|Despicable Me"
"Question 133|Snow White and the Seven Dwarves|The Lion King"
"Question 134|Snow White and the Seven Dwarves|Madagascar"
"Question 135|Snow White and the Seven Dwarves|Toy Story 2"
"Question 136|Snow White and the Seven Dwarves|How to Train Your Dragon"
"Question 137|Snow White and the Seven Dwarves|Ratatouille"
"Question 138|Snow White and the Seven Dwarves|Moana"
"Question 139|Snow White and the Seven Dwarves|The Little Mermaid"
"Question 140|Snow White and the Seven Dwarves|Frozen"
"Question 141|Snow White and the Seven Dwarves|Big Hero 6"
"Question 142|Snow White and the Seven Dwarves|Wreck-It Ralph"
"Question 143|Snow White and the Seven Dwarves|Mulan"
"Question 144|Snow White and the Seven Dwarves|Kung Fu Panda 2"
"Question 145|Snow White and the Seven Dwarves|Phineas and Ferb The Movie"
"Question 146|Snow White and the Seven Dwarves|Brave"
"Question 147|Snow White and the Seven Dwarves|Despicable Me 2"
"Question 148|Snow White and the Seven Dwarves|Penguins of Madagascar"
"Question 149|Snow White and the Seven Dwarves|Meet the Robinsons"
"Question 150|Snow White and the Seven Dwarves|Madagascar: Escape 2 Africa"
"Question 151|Snow White and the Seven Dwarves|How the Grinch Stole Christmas"
"Question 152|Snow White and the Seven Dwarves|Up"
"Question 153|Snow White and the Seven Dwarves|Coco"
"Question 154|Snow White and the Seven Dwarves|The Lego Movie"
"Question 155|Snow White and the Seven Dwarves|Beauty and the Beast"
"Question 156|Snow White and the Seven Dwarves|The Lady and the Tramp"
"Question 157|Snow White and the Seven Dwarves|Tangled"
"Question 158|Snow White and the Seven Dwarves|Kung Fu Panda"
"Question 159|Snow White and the Seven Dwarves|Jungle Book"
"Question 160|Snow White and the Seven Dwarves|Madagascar 3: Europe's Most Wanted"
"Question 161|Snow White and the Seven Dwarves|Ice Age"
"Question 162|Snow White and the Seven Dwarves|Happy Feet"
"Question 163|Snow White and the Seven Dwarves|Rise of the Guardians"
"Question 164|Snow White and the Seven Dwarves|Cinderella"
"Question 165|Snow White and the Seven Dwarves|Despicable Me 3"
"Question 166|Snow White and the Seven Dwarves|Polar Express"
"Question 167|Snow White and the Seven Dwarves|Hotel Transylvania"
"Question 168|Snow White and the Seven Dwarves|Chicken Little"
"Question 169|Snow White and the Seven Dwarves|Tom and Jerry"
"Question 170|Snow White and the Seven Dwarves|Toy Story 3"
"Question 171|Snow White and the Seven Dwarves|Inside Out"
"Question 172|Snow White and the Seven Dwarves|Monsters Inc."
"Question 173|Snow White and the Seven Dwarves|The Iron Giant"
"Question 174|Snow White and the Seven Dwarves|Aladdin"
"Question 175|Snow White and the Seven Dwarves|How to Train Your Dragon 2"
"Question 176|Snow White and the Seven Dwarves|Lego Batman"
"Question 177|Snow White and the Seven Dwarves|Bolt"
"Question 178|Snow White and the Seven Dwarves|Peanuts Movie"
"Question 179|Snow White and the Seven Dwarves|Kung Fu Panda 3"
"Question 180|Snow White and the Seven Dwarves|Monsters University"
"Question 181|Snow White and the Seven Dwarves|Horton Hears A Who"
"Question 182|Snow White and the Seven Dwarves|Cars"
"Question 183|Snow White and the Seven Dwarves|The Lorax"
"Question 184|Snow White and the Seven Dwarves|Bee Movie"
"Question 185|Snow White and the Seven Dwarves|Shrek 2"
"Question 186|Snow White and the Seven Dwarves|The Pokemon Movie"
"Question 187|The Incredibles|Wall-E"
"Question 188|The Incredibles|The Nightmare Before Christmas"
"Question 189|The Incredibles|Finding Dory"
"Question 190|The Incredibles|Winnie the Pooh"
"Question 191|The Incredibles|Lilo & Stitch"
"Question 192|The Incredibles|Despicable Me"
"Question 193|The Incredibles|The Lion King"
"Question 194|The Incredibles|Madagascar"
"Question 195|The Incredibles|Toy Story 2"
"Question 196|The Incredibles|How to Train Your Dragon"
"Question 197|The Incredibles|Ratatouille"
"Question 198|The Incredibles|Moana"
"Question 199|The Incredibles|The Little Mermaid"
"Question 200|The Incredibles|Frozen"
"Question 201|The Incredibles|Big Hero 6"
"Question 202|The Incredibles|Wreck-It Ralph"
"Question 203|The Incredibles|Mulan"
"Question 204|The Incredibles|Kung Fu Panda 2"
"Question 205|The Incredibles|Phineas and Ferb The Movie"
"Question 206|The Incredibles|Brave"
"Question 207|The Incredibles|Despicable Me 2"
"Question 208|The Incredibles|Penguins of Madagascar"
"Question 209|The Incredibles|Meet the Robinsons"
"Question 210|The Incredibles|Madagascar: Escape 2 Africa"
"Question 211|The Incredibles|How the Grinch Stole Christmas"
"Question 212|The Incredibles|Up"
"Question 213|The Incredibles|Coco"
"Question 214|The Incredibles|The Lego Movie"
"Question 215|The Incredibles|Beauty and the Beast"
"Question 216|The Incredibles|The Lady and the Tramp"
"Question 217|The Incredibles|Tangled"
"Question 218|The Incredibles|Kung Fu Panda"
"Question 219|The Incredibles|Jungle Book"
"Question 220|The Incredibles|Madagascar 3: Europe's Most Wanted"
"Question 221|The Incredibles|Ice Age"
"Question 222|The Incredibles|Happy Feet"
"Question 223|The Incredibles|Rise of the Guardians"
"Question 224|The Incredibles|Cinderella"
"Question 225|The Incredibles|Despicable Me 3"
"Question 226|The Incredibles|Polar Express"
"Question 227|The Incredibles|Hotel Transylvania"
"Question 228|The Incredibles|Chicken Little"
"Question 229|The Incredibles|Tom and Jerry"
"Question 230|The Incredibles|Toy Story 3"
"Question 231|The Incredibles|Inside Out"
"Question 232|The Incredibles|Monsters Inc."
"Question 233|The Incredibles|The Iron Giant"
"Question 234|The Incredibles|Aladdin"
"Question 235|The Incredibles|How to Train Your Dragon 2"
"Question 236|The Incredibles|Lego Batman"
"Question 237|The Incredibles|Bolt"
"Question 238|The Incredibles|Peanuts Movie"
"Question 239|The Incredibles|Kung Fu Panda 3"
"Question 240|The Incredibles|Monsters University"
"Question 241|The Incredibles|Horton Hears A Who"
"Question 242|The Incredibles|Cars"
"Question 243|The Incredibles|The Lorax"
"Question 244|The Incredibles|Bee Movie"
"Question 245|The Incredibles|Shrek 2"
"Question 246|The Incredibles|The Pokemon Movie"
"Question 247|Wall-E|The Nightmare Before Christmas"
"Question 248|Wall-E|Finding Dory"
"Question 249|Wall-E|Winnie the Pooh"
"Question 250|Wall-E|Lilo & Stitch"
"Question 251|Wall-E|Despicable Me"
"Question 252|Wall-E|The Lion King"
"Question 253|Wall-E|Madagascar"
"Question 254|Wall-E|Toy Story 2"
"Question 255|Wall-E|How to Train Your Dragon"
"Question 256|Wall-E|Ratatouille"
"Question 257|Wall-E|Moana"
"Question 258|Wall-E|The Little Mermaid"
"Question 259|Wall-E|Frozen"
"Question 260|Wall-E|Big Hero 6"
"Question 261|Wall-E|Wreck-It Ralph"
"Question 262|Wall-E|Mulan"
"Question 263|Wall-E|Kung Fu Panda 2"
"Question 264|Wall-E|Phineas and Ferb The Movie"
"Question 265|Wall-E|Brave"
"Question 266|Wall-E|Despicable Me 2"
"Question 267|Wall-E|Penguins of Madagascar"
"Question 268|Wall-E|Meet the Robinsons"
"Question 269|Wall-E|Madagascar: Escape 2 Africa"
"Question 270|Wall-E|How the Grinch Stole Christmas"
"Question 271|Wall-E|Up"
"Question 272|Wall-E|Coco"
"Question 273|Wall-E|The Lego Movie"
"Question 274|Wall-E|Beauty and the Beast"
"Question 275|Wall-E|The Lady and the Tramp"
"Question 276|Wall-E|Tangled"
"Question 277|Wall-E|Kung Fu Panda"
"Question 278|Wall-E|Jungle Book"
"Question 279|Wall-E|Madagascar 3: Europe's Most Wanted"
"Question 280|Wall-E|Ice Age"
"Question 281|Wall-E|Happy Feet"
"Question 282|Wall-E|Rise of the Guardians"
"Question 283|Wall-E|Cinderella"
"Question 284|Wall-E|Despicable Me 3"
"Question 285|Wall-E|Polar Express"
"Question 286|Wall-E|Hotel Transylvania"
"Question 287|Wall-E|Chicken Little"
"Question 288|Wall-E|Tom and Jerry"
"Question 289|Wall-E|Toy Story 3"
"Question 290|Wall-E|Inside Out"
"Question 291|Wall-E|Monsters Inc."
"Question 292|Wall-E|The Iron Giant"
"Question 293|Wall-E|Aladdin"
"Question 294|Wall-E|How to Train Your Dragon 2"
"Question 295|Wall-E|Lego Batman"
"Question 296|Wall-E|Bolt"
"Question 297|Wall-E|Peanuts Movie"
"Question 298|Wall-E|Kung Fu Panda 3"
"Question 299|Wall-E|Monsters University"
"Question 300|Wall-E|Horton Hears A Who"
"Question 301|Wall-E|Cars"
"Question 302|Wall-E|The Lorax"
"Question 303|Wall-E|Bee Movie"
"Question 304|Wall-E|Shrek 2"
"Question 305|Wall-E|The Pokemon Movie"
"Question 306|The Nightmare Before Christmas|Finding Dory"
"Question 307|The Nightmare Before Christmas|Winnie the Pooh"
"Question 308|The Nightmare Before Christmas|Lilo & Stitch"
"Question 309|The Nightmare Before Christmas|Despicable Me"
"Question 310|The Nightmare Before Christmas|The Lion King"
"Question 311|The Nightmare Before Christmas|Madagascar"
"Question 312|The Nightmare Before Christmas|Toy Story 2"
"Question 313|The Nightmare Before Christmas|How to Train Your Dragon"
"Question 314|The Nightmare Before Christmas|Ratatouille"
"Question 315|The Nightmare Before Christmas|Moana"
"Question 316|The Nightmare Before Christmas|The Little Mermaid"
"Question 317|The Nightmare Before Christmas|Frozen"
"Question 318|The Nightmare Before Christmas|Big Hero 6"
"Question 319|The Nightmare Before Christmas|Wreck-It Ralph"
"Question 320|The Nightmare Before Christmas|Mulan"
"Question 321|The Nightmare Before Christmas|Kung Fu Panda 2"
"Question 322|The Nightmare Before Christmas|Phineas and Ferb The Movie"
"Question 323|The Nightmare Before Christmas|Brave"
"Question 324|The Nightmare Before Christmas|Despicable Me 2"
"Question 325|The Nightmare Before Christmas|Penguins of Madagascar"
"Question 326|The Nightmare Before Christmas|Meet the Robinsons"
"Question 327|The Nightmare Before Christmas|Madagascar: Escape 2 Africa"
"Question 328|The Nightmare Before Christmas|How the Grinch Stole Christmas"
"Question 329|The Nightmare Before Christmas|Up"
"Question 330|The Nightmare Before Christmas|Coco"
"Question 331|The Nightmare Before Christmas|The Lego Movie"
"Question 332|The Nightmare Before Christmas|Beauty and the Beast"
"Question 333|The Nightmare Before Christmas|The Lady and the Tramp"
"Question 334|The Nightmare Before Christmas|Tangled"
"Question 335|The Nightmare Before Christmas|Kung Fu Panda"
"Question 336|The Nightmare Before Christmas|Jungle Book"
"Question 337|The Nightmare Before Christmas|Madagascar 3: Europe's Most Wanted"
"Question 338|The Nightmare Before Christmas|Ice Age"
"Question 339|The Nightmare Before Christmas|Happy Feet"
"Question 340|The Nightmare Before Christmas|Rise of the Guardians"
"Question 341|The Nightmare Before Christmas|Cinderella"
"Question 342|The Nightmare Before Christmas|Despicable Me 3"
"Question 343|The Nightmare Before Christmas|Polar Express"
"Question 344|The Nightmare Before Christmas|Hotel Transylvania"
"Question 345|The Nightmare Before Christmas|Chicken Little"
"Question 346|The Nightmare Before Christmas|Tom and Jerry"
"Question 347|The Nightmare Before Christmas|Toy Story 3"
"Question 348|The Nightmare Before Christmas|Inside Out"
"Question 349|The Nightmare Before Christmas|Monsters Inc."
"Question 350|The Nightmare Before Christmas|The Iron Giant"
"Question 351|The Nightmare Before Christmas|Aladdin"
"Question 352|The Nightmare Before Christmas|How to Train Your Dragon 2"
"Question 353|The Nightmare Before Christmas|Lego Batman"
"Question 354|The Nightmare Before Christmas|Bolt"
"Question 355|The Nightmare Before Christmas|Peanuts Movie"
"Question 356|The Nightmare Before Christmas|Kung Fu Panda 3"
"Question 357|The Nightmare Before Christmas|Monsters University"
"Question 358|The Nightmare Before Christmas|Horton Hears A Who"
"Question 359|The Nightmare Before Christmas|Cars"
"Question 360|The Nightmare Before Christmas|The Lorax"
"Question 361|The Nightmare Before Christmas|Bee Movie"
"Question 362|The Nightmare Before Christmas|Shrek 2"
"Question 363|The Nightmare Before Christmas|The Pokemon Movie"
"Question 364|Finding Dory|Winnie the Pooh"
"Question 365|Finding Dory|Lilo & Stitch"
"Question 366|Finding Dory|Despicable Me"
"Question 367|Finding Dory|The Lion King"
"Question 368|Finding Dory|Madagascar"
"Question 369|Finding Dory|Toy Story 2"
"Question 370|Finding Dory|How to Train Your Dragon"
"Question 371|Finding Dory|Ratatouille"
"Question 372|Finding Dory|Moana"
"Question 373|Finding Dory|The Little Mermaid"
"Question 374|Finding Dory|Frozen"
"Question 375|Finding Dory|Big Hero 6"
"Question 376|Finding Dory|Wreck-It Ralph"
"Question 377|Finding Dory|Mulan"
"Question 378|Finding Dory|Kung Fu Panda 2"
"Question 379|Finding Dory|Phineas and Ferb The Movie"
"Question 380|Finding Dory|Brave"
"Question 381|Finding Dory|Despicable Me 2"
"Question 382|Finding Dory|Penguins of Madagascar"
"Question 383|Finding Dory|Meet the Robinsons"
"Question 384|Finding Dory|Madagascar: Escape 2 Africa"
"Question 385|Finding Dory|How the Grinch Stole Christmas"
"Question 386|Finding Dory|Up"
"Question 387|Finding Dory|Coco"
"Question 388|Finding Dory|The Lego Movie"
"Question 389|Finding Dory|Beauty and the Beast"
"Question 390|Finding Dory|The Lady and the Tramp"
"Question 391|Finding Dory|Tangled"
"Question 392|Finding Dory|Kung Fu Panda"
"Question 393|Finding Dory|Jungle Book"
"Question 394|Finding Dory|Madagascar 3: Europe's Most Wanted"
"Question 395|Finding Dory|Ice Age"
"Question 396|Finding Dory|Happy Feet"
"Question 397|Finding Dory|Rise of the Guardians"
"Question 398|Finding Dory|Cinderella"
"Question 399|Finding Dory|Despicable Me 3"
"Question 400|Finding Dory|Polar Express"
"Question 401|Finding Dory|Hotel Transylvania"
"Question 402|Finding Dory|Chicken Little"
"Question 403|Finding Dory|Tom and Jerry"
"Question 404|Finding Dory|Toy Story 3"
"Question 405|Finding Dory|Inside Out"
"Question 406|Finding Dory|Monsters Inc."
"Question 407|Finding Dory|The Iron Giant"
"Question 408|Finding Dory|Aladdin"
"Question 409|Finding Dory|How to Train Your Dragon 2"
"Question 410|Finding Dory|Lego Batman"
"Question 411|Finding Dory|Bolt"
"Question 412|Finding Dory|Peanuts Movie"
"Question 413|Finding Dory|Kung Fu Panda 3"
"Question 414|Finding Dory|Monsters University"
"Question 415|Finding Dory|Horton Hears A Who"
"Question 416|Finding Dory|Cars"
"Question 417|Finding Dory|The Lorax"
"Question 418|Finding Dory|Bee Movie"
"Question 419|Finding Dory|Shrek 2"
"Question 420|Finding Dory|The Pokemon Movie"
"Question 421|Winnie the Pooh|Lilo & Stitch"
"Question 422|Winnie the Pooh|Despicable Me"
"Question 423|Winnie the Pooh|The Lion King"
"Question 424|Winnie the Pooh|Madagascar"
"Question 425|Winnie the Pooh|Toy Story 2"
"Question 426|Winnie the Pooh|How to Train Your Dragon"
"Question 427|Winnie the Pooh|Ratatouille"
"Question 428|Winnie the Pooh|Moana"
"Question 429|Winnie the Pooh|The Little Mermaid"
"Question 430|Winnie the Pooh|Frozen"
"Question 431|Winnie the Pooh|Big Hero 6"
"Question 432|Winnie the Pooh|Wreck-It Ralph"
"Question 433|Winnie the Pooh|Mulan"
"Question 434|Winnie the Pooh|Kung Fu Panda 2"
"Question 435|Winnie the Pooh|Phineas and Ferb The Movie"
"Question 436|Winnie the Pooh|Brave"
"Question 437|Winnie the Pooh|Despicable Me 2"
"Question 438|Winnie the Pooh|Penguins of Madagascar"
"Question 439|Winnie the Pooh|Meet the Robinsons"
"Question 440|Winnie the Pooh|Madagascar: Escape 2 Africa"
"Question 441|Winnie the Pooh|How the Grinch Stole Christmas"
"Question 442|Winnie the Pooh|Up"
"Question 443|Winnie the Pooh|Coco"
"Question 444|Winnie the Pooh|The Lego Movie"
"Question 445|Winnie the Pooh|Beauty and the Beast"
"Question 446|Winnie the Pooh|The Lady and the Tramp"
"Question 447|Winnie the Pooh|Tangled"
"Question 448|Winnie the Pooh|Kung Fu Panda"
"Question 449|Winnie the Pooh|Jungle Book"
"Question 450|Winnie the Pooh|Madagascar 3: Europe's Most Wanted"
"Question 451|Winnie the Pooh|Ice Age"
"Question 452|Winnie the Pooh|Happy Feet"
"Question 453|Winnie the Pooh|Rise of the Guardians"
"Question 454|Winnie the Pooh|Cinderella"
"Question 455|Winnie the Pooh|Despicable Me 3"
"Question 456|Winnie the Pooh|Polar Express"
"Question 457|Winnie the Pooh|Hotel Transylvania"
"Question 458|Winnie the Pooh|Chicken Little"
"Question 459|Winnie the Pooh|Tom and Jerry"
"Question 460|Winnie the Pooh|Toy Story 3"
"Question 461|Winnie the Pooh|Inside Out"
"Question 462|Winnie the Pooh|Monsters Inc."
"Question 463|Winnie the Pooh|The Iron Giant"
"Question 464|Winnie the Pooh|Aladdin"
"Question 465|Winnie the Pooh|How to Train Your Dragon 2"
"Question 466|Winnie the Pooh|Lego Batman"
"Question 467|Winnie the Pooh|Bolt"
"Question 468|Winnie the Pooh|Peanuts Movie"
"Question 469|Winnie the Pooh|Kung Fu Panda 3"
"Question 470|Winnie the Pooh|Monsters University"
"Question 471|Winnie the Pooh|Horton Hears A Who"
"Question 472|Winnie the Pooh|Cars"
"Question 473|Winnie the Pooh|The Lorax"
"Question 474|Winnie the Pooh|Bee Movie"
"Question 475|Winnie the Pooh|Shrek 2"
"Question 476|Winnie the Pooh|The Pokemon Movie"
"Question 477|Lilo & Stitch|Despicable Me"
"Question 478|Lilo & Stitch|The Lion King"
"Question 479|Lilo & Stitch|Madagascar"
"Question 480|Lilo & Stitch|Toy Story 2"
"Question 481|Lilo & Stitch|How to Train Your Dragon"
"Question 482|Lilo & Stitch|Ratatouille"
"Question 483|Lilo & Stitch|Moana"
"Question 484|Lilo & Stitch|The Little Mermaid"
"Question 485|Lilo & Stitch|Frozen"
"Question 486|Lilo & Stitch|Big Hero 6"
"Question 487|Lilo & Stitch|Wreck-It Ralph"
"Question 488|Lilo & Stitch|Mulan"
"Question 489|Lilo & Stitch|Kung Fu Panda 2"
"Question 490|Lilo & Stitch|Phineas and Ferb The Movie"
"Question 491|Lilo & Stitch|Brave"
"Question 492|Lilo & Stitch|Despicable Me 2"
"Question 493|Lilo & Stitch|Penguins of Madagascar"
"Question 494|Lilo & Stitch|Meet the Robinsons"
"Question 495|Lilo & Stitch|Madagascar: Escape 2 Africa"
"Question 496|Lilo & Stitch|How the Grinch Stole Christmas"
"Question 497|Lilo & Stitch|Up"
"Question 498|Lilo & Stitch|Coco"
"Question 499|Lilo & Stitch|The Lego Movie"
"Question 500|Lilo & Stitch|Beauty and the Beast"
"Question 501|Lilo & Stitch|The Lady and the Tramp"
"Question 502|Lilo & Stitch|Tangled"
"Question 503|Lilo & Stitch|Kung Fu Panda"
"Question 504|Lilo & Stitch|Jungle Book"
"Question 505|Lilo & Stitch|Madagascar 3: Europe's Most Wanted"
"Question 506|Lilo & Stitch|Ice Age"
"Question 507|Lilo & Stitch|Happy Feet"
"Question 508|Lilo & Stitch|Rise of the Guardians"
"Question 509|Lilo & Stitch|Cinderella"
"Question 510|Lilo & Stitch|Despicable Me 3"
"Question 511|Lilo & Stitch|Polar Express"
"Question 512|Lilo & Stitch|Hotel Transylvania"
"Question 513|Lilo & Stitch|Chicken Little"
"Question 514|Lilo & Stitch|Tom and Jerry"
"Question 515|Lilo & Stitch|Toy Story 3"
"Question 516|Lilo & Stitch|Inside Out"
"Question 517|Lilo & Stitch|Monsters Inc."
"Question 518|Lilo & Stitch|The Iron Giant"
"Question 519|Lilo & Stitch|Aladdin"
"Question 520|Lilo & Stitch|How to Train Your Dragon 2"
"Question 521|Lilo & Stitch|Lego Batman"
"Question 522|Lilo & Stitch|Bolt"
"Question 523|Lilo & Stitch|Peanuts Movie"
"Question 524|Lilo & Stitch|Kung Fu Panda 3"
"Question 525|Lilo & Stitch|Monsters University"
"Question 526|Lilo & Stitch|Horton Hears A Who"
"Question 527|Lilo & Stitch|Cars"
"Question 528|Lilo & Stitch|The Lorax"
"Question 529|Lilo & Stitch|Bee Movie"
"Question 530|Lilo & Stitch|Shrek 2"
"Question 531|Lilo & Stitch|The Pokemon Movie"
"Question 532|Despicable Me|The Lion King"
"Question 533|Despicable Me|Madagascar"
"Question 534|Despicable Me|Toy Story 2"
"Question 535|Despicable Me|How to Train Your Dragon"
"Question 536|Despicable Me|Ratatouille"
"Question 537|Despicable Me|Moana"
"Question 538|Despicable Me|The Little Mermaid"
"Question 539|Despicable Me|Frozen"
"Question 540|Despicable Me|Big Hero 6"
"Question 541|Despicable Me|Wreck-It Ralph"
"Question 542|Despicable Me|Mulan"
"Question 543|Despicable Me|Kung Fu Panda 2"
"Question 544|Despicable Me|Phineas and Ferb The Movie"
"Question 545|Despicable Me|Brave"
"Question 546|Despicable Me|Despicable Me 2"
"Question 547|Despicable Me|Penguins of Madagascar"
"Question 548|Despicable Me|Meet the Robinsons"
"Question 549|Despicable Me|Madagascar: Escape 2 Africa"
"Question 550|Despicable Me|How the Grinch Stole Christmas"
"Question 551|Despicable Me|Up"
"Question 552|Despicable Me|Coco"
"Question 553|Despicable Me|The Lego Movie"
"Question 554|Despicable Me|Beauty and the Beast"
"Question 555|Despicable Me|The Lady and the Tramp"
"Question 556|Despicable Me|Tangled"
"Question 557|Despicable Me|Kung Fu Panda"
"Question 558|Despicable Me|Jungle Book"
"Question 559|Despicable Me|Madagascar 3: Europe's Most Wanted"
"Question 560|Despicable Me|Ice Age"
"Question 561|Despicable Me|Happy Feet"
"Question 562|Despicable Me|Rise of the Guardians"
"Question 563|Despicable Me|Cinderella"
"Question 564|Despicable Me|Despicable Me 3"
"Question 565|Despicable Me|Polar Express"
"Question 566|Despicable Me|Hotel Transylvania"
"Question 567|Despicable Me|Chicken Little"
"Question 568|Despicable Me|Tom and Jerry"
"Question 569|Despicable Me|Toy Story 3"
"Question 570|Despicable Me|Inside Out"
"Question 571|Despicable Me|Monsters Inc."
"Question 572|Despicable Me|The Iron Giant"
"Question 573|Despicable Me|Aladdin"
"Question 574|Despicable Me|How to Train Your Dragon 2"
"Question 575|Despicable Me|Lego Batman"
"Question 576|Despicable Me|Bolt"
"Question 577|Despicable Me|Peanuts Movie"
"Question 578|Despicable Me|Kung Fu Panda 3"
"Question 579|Despicable Me|Monsters University"
"Question 580|Despicable Me|Horton Hears A Who"
"Question 581|Despicable Me|Cars"
"Question 582|Despicable Me|The Lorax"
"Question 583|Despicable Me|Bee Movie"
"Question 584|Despicable Me|Shrek 2"
"Question 585|Despicable Me|The Pokemon Movie"
"Question 586|The Lion King|Madagascar"
"Question 587|The Lion King|Toy Story 2"
"Question 588|The Lion King|How to Train Your Dragon"
"Question 589|The Lion King|Ratatouille"
"Question 590|The Lion King|Moana"
"Question 591|The Lion King|The Little Mermaid"
"Question 592|The Lion King|Frozen"
"Question 593|The Lion King|Big Hero 6"
"Question 594|The Lion King|Wreck-It Ralph"
"Question 595|The Lion King|Mulan"
"Question 596|The Lion King|Kung Fu Panda 2"
"Question 597|The Lion King|Phineas and Ferb The Movie"
"Question 598|The Lion King|Brave"
"Question 599|The Lion King|Despicable Me 2"
"Question 600|The Lion King|Penguins of Madagascar"
"Question 601|The Lion King|Meet the Robinsons"
"Question 602|The Lion King|Madagascar: Escape 2 Africa"
"Question 603|The Lion King|How the Grinch Stole Christmas"
"Question 604|The Lion King|Up"
"Question 605|The Lion King|Coco"
"Question 606|The Lion King|The Lego Movie"
"Question 607|The Lion King|Beauty and the Beast"
"Question 608|The Lion King|The Lady and the Tramp"
"Question 609|The Lion King|Tangled"
"Question 610|The Lion King|Kung Fu Panda"
"Question 611|The Lion King|Jungle Book"
"Question 612|The Lion King|Madagascar 3: Europe's Most Wanted"
"Question 613|The Lion King|Ice Age"
"Question 614|The Lion King|Happy Feet"
"Question 615|The Lion King|Rise of the Guardians"
"Question 616|The Lion King|Cinderella"
"Question 617|The Lion King|Despicable Me 3"
"Question 618|The Lion King|Polar Express"
"Question 619|The Lion King|Hotel Transylvania"
"Question 620|The Lion King|Chicken Little"
"Question 621|The Lion King|Tom and Jerry"
"Question 622|The Lion King|Toy Story 3"
"Question 623|The Lion King|Inside Out"
"Question 624|The Lion King|Monsters Inc."
"Question 625|The Lion King|The Iron Giant"
"Question 626|The Lion King|Aladdin"
"Question 627|The Lion King|How to Train Your Dragon 2"
"Question 628|The Lion King|Lego Batman"
"Question 629|The Lion King|Bolt"
"Question 630|The Lion King|Peanuts Movie"
"Question 631|The Lion King|Kung Fu Panda 3"
"Question 632|The Lion King|Monsters University"
"Question 633|The Lion King|Horton Hears A Who"
"Question 634|The Lion King|Cars"
"Question 635|The Lion King|The Lorax"
"Question 636|The Lion King|Bee Movie"
"Question 637|The Lion King|Shrek 2"
"Question 638|The Lion King|The Pokemon Movie"
"Question 639|Madagascar|Toy Story 2"
"Question 640|Madagascar|How to Train Your Dragon"
"Question 641|Madagascar|Ratatouille"
"Question 642|Madagascar|Moana"
"Question 643|Madagascar|The Little Mermaid"
"Question 644|Madagascar|Frozen"
"Question 645|Madagascar|Big Hero 6"
"Question 646|Madagascar|Wreck-It Ralph"
"Question 647|Madagascar|Mulan"
"Question 648|Madagascar|Kung Fu Panda 2"
"Question 649|Madagascar|Phineas and Ferb The Movie"
"Question 650|Madagascar|Brave"
"Question 651|Madagascar|Despicable Me 2"
"Question 652|Madagascar|Penguins of Madagascar"
"Question 653|Madagascar|Meet the Robinsons"
"Question 654|Madagascar|Madagascar: Escape 2 Africa"
"Question 655|Madagascar|How the Grinch Stole Christmas"
"Question 656|Madagascar|Up"
"Question 657|Madagascar|Coco"
"Question 658|Madagascar|The Lego Movie"
"Question 659|Madagascar|Beauty and the Beast"
"Question 660|Madagascar|The Lady and the Tramp"
"Question 661|Madagascar|Tangled"
"Question 662|Madagascar|Kung Fu Panda"
"Question 663|Madagascar|Jungle Book"
"Question 664|Madagascar|Madagascar 3: Europe's Most Wanted"
"Question 665|Madagascar|Ice Age"
"Question 666|Madagascar|Happy Feet"
"Question 667|Madagascar|Rise of the Guardians"
"Question 668|Madagascar|Cinderella"
"Question 669|Madagascar|Despicable Me 3"
"Question 670|Madagascar|Polar Express"
"Question 671|Madagascar|Hotel Transylvania"
"Question 672|Madagascar|Chicken Little"
"Question 673|Madagascar|Tom and Jerry"
"Question 674|Madagascar|Toy Story 3"
"Question 675|Madagascar|Inside Out"
"Question 676|Madagascar|Monsters Inc."
"Question 677|Madagascar|The Iron Giant"
"Question 678|Madagascar|Aladdin"
"Question 679|Madagascar|How to Train Your Dragon 2"
"Question 680|Madagascar|Lego Batman"
"Question 681|Madagascar|Bolt"
"Question 682|Madagascar|Peanuts Movie"
"Question 683|Madagascar|Kung Fu Panda 3"
"Question 684|Madagascar|Monsters University"
"Question 685|Madagascar|Horton Hears A Who"
"Question 686|Madagascar|Cars"
"Question 687|Madagascar|The Lorax"
"Question 688|Madagascar|Bee Movie"
"Question 689|Madagascar|Shrek 2"
"Question 690|Madagascar|The Pokemon Movie"
"Question 691|Toy Story 2|How to Train Your Dragon"
"Question 692|Toy Story 2|Ratatouille"
"Question 693|Toy Story 2|Moana"
"Question 694|Toy Story 2|The Little Mermaid"
"Question 695|Toy Story 2|Frozen"
"Question 696|Toy Story 2|Big Hero 6"
"Question 697|Toy Story 2|Wreck-It Ralph"
"Question 698|Toy Story 2|Mulan"
"Question 699|Toy Story 2|Kung Fu Panda 2"
"Question 700|Toy Story 2|Phineas and Ferb The Movie"
"Question 701|Toy Story 2|Brave"
"Question 702|Toy Story 2|Despicable Me 2"
"Question 703|Toy Story 2|Penguins of Madagascar"
"Question 704|Toy Story 2|Meet the Robinsons"
"Question 705|Toy Story 2|Madagascar: Escape 2 Africa"
"Question 706|Toy Story 2|How the Grinch Stole Christmas"
"Question 707|Toy Story 2|Up"
"Question 708|Toy Story 2|Coco"
"Question 709|Toy Story 2|The Lego Movie"
"Question 710|Toy Story 2|Beauty and the Beast"
"Question 711|Toy Story 2|The Lady and the Tramp"
"Question 712|Toy Story 2|Tangled"
"Question 713|Toy Story 2|Kung Fu Panda"
"Question 714|Toy Story 2|Jungle Book"
"Question 715|Toy Story 2|Madagascar 3: Europe's Most Wanted"
"Question 716|Toy Story 2|Ice Age"
"Question 717|Toy Story 2|Happy Feet"
"Question 718|Toy Story 2|Rise of the Guardians"
"Question 719|Toy Story 2|Cinderella"
"Question 720|Toy Story 2|Despicable Me 3"
"Question 721|Toy Story 2|Polar Express"
"Question 722|Toy Story 2|Hotel Transylvania"
"Question 723|Toy Story 2|Chicken Little"
"Question 724|Toy Story 2|Tom and Jerry"
"Question 725|Toy Story 2|Toy Story 3"
"Question 726|Toy Story 2|Inside Out"
"Question 727|Toy Story 2|Monsters Inc."
"Question 728|Toy Story 2|The Iron Giant"
"Question 729|Toy Story 2|Aladdin"
"Question 730|Toy Story 2|How to Train Your Dragon 2"
"Question 731|Toy Story 2|Lego Batman"
"Question 732|Toy Story 2|Bolt"
"Question 733|Toy Story 2|Peanuts Movie"
"Question 734|Toy Story 2|Kung Fu Panda 3"
"Question 735|Toy Story 2|Monsters University"
"Question 736|Toy Story 2|Horton Hears A Who"
"Question 737|Toy Story 2|Cars"
"Question 738|Toy Story 2|The Lorax"
"Question 739|Toy Story 2|Bee Movie"
"Question 740|Toy Story 2|Shrek 2"
"Question 741|Toy Story 2|The Pokemon Movie"
"Question 742|How to Train Your Dragon|Ratatouille"
"Question 743|How to Train Your Dragon|Moana"
"Question 744|How to Train Your Dragon|The Little Mermaid"
"Question 745|How to Train Your Dragon|Frozen"
"Question 746|How to Train Your Dragon|Big Hero 6"
"Question 747|How to Train Your Dragon|Wreck-It Ralph"
"Question 748|How to Train Your Dragon|Mulan"
"Question 749|How to Train Your Dragon|Kung Fu Panda 2"
"Question 750|How to Train Your Dragon|Phineas and Ferb The Movie"
"Question 751|How to Train Your Dragon|Brave"
"Question 752|How to Train Your Dragon|Despicable Me 2"
"Question 753|How to Train Your Dragon|Penguins of Madagascar"
"Question 754|How to Train Your Dragon|Meet the Robinsons"
"Question 755|How to Train Your Dragon|Madagascar: Escape 2 Africa"
"Question 756|How to Train Your Dragon|How the Grinch Stole Christmas"
"Question 757|How to Train Your Dragon|Up"
"Question 758|How to Train Your Dragon|Coco"
"Question 759|How to Train Your Dragon|The Lego Movie"
"Question 760|How to Train Your Dragon|Beauty and the Beast"
"Question 761|How to Train Your Dragon|The Lady and the Tramp"
"Question 762|How to Train Your Dragon|Tangled"
"Question 763|How to Train Your Dragon|Kung Fu Panda"
"Question 764|How to Train Your Dragon|Jungle Book"
"Question 765|How to Train Your Dragon|Madagascar 3: Europe's Most Wanted"
"Question 766|How to Train Your Dragon|Ice Age"
"Question 767|How to Train Your Dragon|Happy Feet"
"Question 768|How to Train Your Dragon|Rise of the Guardians"
"Question 769|How to Train Your Dragon|Cinderella"
"Question 770|How to Train Your Dragon|Despicable Me 3"
"Question 771|How to Train Your Dragon|Polar Express"
"Question 772|How to Train Your Dragon|Hotel Transylvania"
"Question 773|How to Train Your Dragon|Chicken Little"
"Question 774|How to Train Your Dragon|Tom and Jerry"
"Question 775|How to Train Your Dragon|Toy Story 3"
"Question 776|How to Train Your Dragon|Inside Out"
"Question 777|How to Train Your Dragon|Monsters Inc."
"Question 778|How to Train Your Dragon|The Iron Giant"
"Question 779|How to Train Your Dragon|Aladdin"
"Question 780|How to Train Your Dragon|How to Train Your Dragon 2"
"Question 781|How to Train Your Dragon|Lego Batman"
"Question 782|How to Train Your Dragon|Bolt"
"Question 783|How to Train Your Dragon|Peanuts Movie"
"Question 784|How to Train Your Dragon|Kung Fu Panda 3"
"Question 785|How to Train Your Dragon|Monsters University"
"Question 786|How to Train Your Dragon|Horton Hears A Who"
"Question 787|How to Train Your Dragon|Cars"
"Question 788|How to Train Your Dragon|The Lorax"
"Question 789|How to Train Your Dragon|Bee Movie"
"Question 790|How to Train Your Dragon|Shrek 2"
"Question 791|How to Train Your Dragon|The Pokemon Movie"
"Question 792|Ratatouille|Moana"
"Question 793|Ratatouille|The Little Mermaid"
"Question 794|Ratatouille|Frozen"
"Question 795|Ratatouille|Big Hero 6"
"Question 796|Ratatouille|Wreck-It Ralph"
"Question 797|Ratatouille|Mulan"
"Question 798|Ratatouille|Kung Fu Panda 2"
"Question 799|Ratatouille|Phineas and Ferb The Movie"
"Question 800|Ratatouille|Brave"
"Question 801|Ratatouille|Despicable Me 2"
"Question 802|Ratatouille|Penguins of Madagascar"
"Question 803|Ratatouille|Meet the Robinsons"
"Question 804|Ratatouille|Madagascar: Escape 2 Africa"
"Question 805|Ratatouille|How the Grinch Stole Christmas"
"Question 806|Ratatouille|Up"
"Question 807|Ratatouille|Coco"
"Question 808|Ratatouille|The Lego Movie"
"Question 809|Ratatouille|Beauty and the Beast"
"Question 810|Ratatouille|The Lady and the Tramp"
"Question 811|Ratatouille|Tangled"
"Question 812|Ratatouille|Kung Fu Panda"
"Question 813|Ratatouille|Jungle Book"
"Question 814|Ratatouille|Madagascar 3: Europe's Most Wanted"
"Question 815|Ratatouille|Ice Age"
"Question 816|Ratatouille|Happy Feet"
"Question 817|Ratatouille|Rise of the Guardians"
"Question 818|Ratatouille|Cinderella"
"Question 819|Ratatouille|Despicable Me 3"
"Question 820|Ratatouille|Polar Express"
"Question 821|Ratatouille|Hotel Transylvania"
"Question 822|Ratatouille|Chicken Little"
"Question 823|Ratatouille|Tom and Jerry"
"Question 824|Ratatouille|Toy Story 3"
"Question 825|Ratatouille|Inside Out"
"Question 826|Ratatouille|Monsters Inc."
"Question 827|Ratatouille|The Iron Giant"
"Question 828|Ratatouille|Aladdin"
"Question 829|Ratatouille|How to Train Your Dragon 2"
"Question 830|Ratatouille|Lego Batman"
"Question 831|Ratatouille|Bolt"
"Question 832|Ratatouille|Peanuts Movie"
"Question 833|Ratatouille|Kung Fu Panda 3"
"Question 834|Ratatouille|Monsters University"
"Question 835|Ratatouille|Horton Hears A Who"
"Question 836|Ratatouille|Cars"
"Question 837|Ratatouille|The Lorax"
"Question 838|Ratatouille|Bee Movie"
"Question 839|Ratatouille|Shrek 2"
"Question 840|Ratatouille|The Pokemon Movie"
"Question 841|Moana|The Little Mermaid"
"Question 842|Moana|Frozen"
"Question 843|Moana|Big Hero 6"
"Question 844|Moana|Wreck-It Ralph"
"Question 845|Moana|Mulan"
"Question 846|Moana|Kung Fu Panda 2"
"Question 847|Moana|Phineas and Ferb The Movie"
"Question 848|Moana|Brave"
"Question 849|Moana|Despicable Me 2"
"Question 850|Moana|Penguins of Madagascar"
"Question 851|Moana|Meet the Robinsons"
"Question 852|Moana|Madagascar: Escape 2 Africa"
"Question 853|Moana|How the Grinch Stole Christmas"
"Question 854|Moana|Up"
"Question 855|Moana|Coco"
"Question 856|Moana|The Lego Movie"
"Question 857|Moana|Beauty and the Beast"
"Question 858|Moana|The Lady and the Tramp"
"Question 859|Moana|Tangled"
"Question 860|Moana|Kung Fu Panda"
"Question 861|Moana|Jungle Book"
"Question 862|Moana|Madagascar 3: Europe's Most Wanted"
"Question 863|Moana|Ice Age"
"Question 864|Moana|Happy Feet"
"Question 865|Moana|Rise of the Guardians"
"Question 866|Moana|Cinderella"
"Question 867|Moana|Despicable Me 3"
"Question 868|Moana|Polar Express"
"Question 869|Moana|Hotel Transylvania"
"Question 870|Moana|Chicken Little"
"Question 871|Moana|Tom and Jerry"
"Question 872|Moana|Toy Story 3"
"Question 873|Moana|Inside Out"
"Question 874|Moana|Monsters Inc."
"Question 875|Moana|The Iron Giant"
"Question 876|Moana|Aladdin"
"Question 877|Moana|How to Train Your Dragon 2"
"Question 878|Moana|Lego Batman"
"Question 879|Moana|Bolt"
"Question 880|Moana|Peanuts Movie"
"Question 881|Moana|Kung Fu Panda 3"
"Question 882|Moana|Monsters University"
"Question 883|Moana|Horton Hears A Who"
"Question 884|Moana|Cars"
"Question 885|Moana|The Lorax"
"Question 886|Moana|Bee Movie"
"Question 887|Moana|Shrek 2"
"Question 888|Moana|The Pokemon Movie"
"Question 889|The Little Mermaid|Frozen"
"Question 890|The Little Mermaid|Big Hero 6"
"Question 891|The Little Mermaid|Wreck-It Ralph"
"Question 892|The Little Mermaid|Mulan"
"Question 893|The Little Mermaid|Kung Fu Panda 2"
"Question 894|The Little Mermaid|Phineas and Ferb The Movie"
"Question 895|The Little Mermaid|Brave"
"Question 896|The Little Mermaid|Despicable Me 2"
"Question 897|The Little Mermaid|Penguins of Madagascar"
"Question 898|The Little Mermaid|Meet the Robinsons"
"Question 899|The Little Mermaid|Madagascar: Escape 2 Africa"
"Question 900|The Little Mermaid|How the Grinch Stole Christmas"
"Question 901|The Little Mermaid|Up"
"Question 902|The Little Mermaid|Coco"
"Question 903|The Little Mermaid|The Lego Movie"
"Question 904|The Little Mermaid|Beauty and the Beast"
"Question 905|The Little Mermaid|The Lady and the Tramp"
"Question 906|The Little Mermaid|Tangled"
"Question 907|The Little Mermaid|Kung Fu Panda"
"Question 908|The Little Mermaid|Jungle Book"
"Question 909|The Little Mermaid|Madagascar 3: Europe's Most Wanted"
"Question 910|The Little Mermaid|Ice Age"
"Question 911|The Little Mermaid|Happy Feet"
"Question 912|The Little Mermaid|Rise of the Guardians"
"Question 913|The Little Mermaid|Cinderella"
"Question 914|The Little Mermaid|Despicable Me 3"
"Question 915|The Little Mermaid|Polar Express"
"Question 916|The Little Mermaid|Hotel Transylvania"
"Question 917|The Little Mermaid|Chicken Little"
"Question 918|The Little Mermaid|Tom and Jerry"
"Question 919|The Little Mermaid|Toy Story 3"
"Question 920|The Little Mermaid|Inside Out"
"Question 921|The Little Mermaid|Monsters Inc."
"Question 922|The Little Mermaid|The Iron Giant"
"Question 923|The Little Mermaid|Aladdin"
"Question 924|The Little Mermaid|How to Train Your Dragon 2"
"Question 925|The Little Mermaid|Lego Batman"
"Question 926|The Little Mermaid|Bolt"
"Question 927|The Little Mermaid|Peanuts Movie"
"Question 928|The Little Mermaid|Kung Fu Panda 3"
"Question 929|The Little Mermaid|Monsters University"
"Question 930|The Little Mermaid|Horton Hears A Who"
"Question 931|The Little Mermaid|Cars"
"Question 932|The Little Mermaid|The Lorax"
"Question 933|The Little Mermaid|Bee Movie"
"Question 934|The Little Mermaid|Shrek 2"
"Question 935|The Little Mermaid|The Pokemon Movie"
"Question 936|Frozen|Big Hero 6"
"Question 937|Frozen|Wreck-It Ralph"
"Question 938|Frozen|Mulan"
"Question 939|Frozen|Kung Fu Panda 2"
"Question 940|Frozen|Phineas and Ferb The Movie"
"Question 941|Frozen|Brave"
"Question 942|Frozen|Despicable Me 2"
"Question 943|Frozen|Penguins of Madagascar"
"Question 944|Frozen|Meet the Robinsons"
"Question 945|Frozen|Madagascar: Escape 2 Africa"
"Question 946|Frozen|How the Grinch Stole Christmas"
"Question 947|Frozen|Up"
"Question 948|Frozen|Coco"
"Question 949|Frozen|The Lego Movie"
"Question 950|Frozen|Beauty and the Beast"
"Question 951|Frozen|The Lady and the Tramp"
"Question 952|Frozen|Tangled"
"Question 953|Frozen|Kung Fu Panda"
"Question 954|Frozen|Jungle Book"
"Question 955|Frozen|Madagascar 3: Europe's Most Wanted"
"Question 956|Frozen|Ice Age"
"Question 957|Frozen|Happy Feet"
"Question 958|Frozen|Rise of the Guardians"
"Question 959|Frozen|Cinderella"
"Question 960|Frozen|Despicable Me 3"
"Question 961|Frozen|Polar Express"
"Question 962|Frozen|Hotel Transylvania"
"Question 963|Frozen|Chicken Little"
"Question 964|Frozen|Tom and Jerry"
"Question 965|Frozen|Toy Story 3"
"Question 966|Frozen|Inside Out"
"Question 967|Frozen|Monsters Inc."
"Question 968|Frozen|The Iron Giant"
"Question 969|Frozen|Aladdin"
"Question 970|Frozen|How to Train Your Dragon 2"
"Question 971|Frozen|Lego Batman"
"Question 972|Frozen|Bolt"
"Question 973|Frozen|Peanuts Movie"
"Question 974|Frozen|Kung Fu Panda 3"
"Question 975|Frozen|Monsters University"
"Question 976|Frozen|Horton Hears A Who"
"Question 977|Frozen|Cars"
"Question 978|Frozen|The Lorax"
"Question 979|Frozen|Bee Movie"
"Question 980|Frozen|Shrek 2"
"Question 981|Frozen|The Pokemon Movie"
"Question 982|Big Hero 6|Wreck-It Ralph"
"Question 983|Big Hero 6|Mulan"
"Question 984|Big Hero 6|Kung Fu Panda 2"
"Question 985|Big Hero 6|Phineas and Ferb The Movie"
"Question 986|Big Hero 6|Brave"
"Question 987|Big Hero 6|Despicable Me 2"
"Question 988|Big Hero 6|Penguins of Madagascar"
"Question 989|Big Hero 6|Meet the Robinsons"
"Question 990|Big Hero 6|Madagascar: Escape 2 Africa"
"Question 991|Big Hero 6|How the Grinch Stole Christmas"
"Question 992|Big Hero 6|Up"
"Question 993|Big Hero 6|Coco"
"Question 994|Big Hero 6|The Lego Movie"
"Question 995|Big Hero 6|Beauty and the Beast"
"Question 996|Big Hero 6|The Lady and the Tramp"
"Question 997|Big Hero 6|Tangled"
"Question 998|Big Hero 6|Kung Fu Panda"
"Question 999|Big Hero 6|Jungle Book"
"Question 1000|Big Hero 6|Madagascar 3: Europe's Most Wanted"
"Question 1001|Big Hero 6|Ice Age"
"Question 1002|Big Hero 6|Happy Feet"
"Question 1003|Big Hero 6|Rise of the Guardians"
"Question 1004|Big Hero 6|Cinderella"
"Question 1005|Big Hero 6|Despicable Me 3"
"Question 1006|Big Hero 6|Polar Express"
"Question 1007|Big Hero 6|Hotel Transylvania"
"Question 1008|Big Hero 6|Chicken Little"
"Question 1009|Big Hero 6|Tom and Jerry"
"Question 1010|Big Hero 6|Toy Story 3"
"Question 1011|Big Hero 6|Inside Out"
"Question 1012|Big Hero 6|Monsters Inc."
"Question 1013|Big Hero 6|The Iron Giant"
"Question 1014|Big Hero 6|Aladdin"
"Question 1015|Big Hero 6|How to Train Your Dragon 2"
"Question 1016|Big Hero 6|Lego Batman"
"Question 1017|Big Hero 6|Bolt"
"Question 1018|Big Hero 6|Peanuts Movie"
"Question 1019|Big Hero 6|Kung Fu Panda 3"
"Question 1020|Big Hero 6|Monsters University"
"Question 1021|Big Hero 6|Horton Hears A Who"
"Question 1022|Big Hero 6|Cars"
"Question 1023|Big Hero 6|The Lorax"
"Question 1024|Big Hero 6|Bee Movie"
"Question 1025|Big Hero 6|Shrek 2"
"Question 1026|Big Hero 6|The Pokemon Movie"
"Question 1027|Wreck-It Ralph|Mulan"
"Question 1028|Wreck-It Ralph|Kung Fu Panda 2"
"Question 1029|Wreck-It Ralph|Phineas and Ferb The Movie"
"Question 1030|Wreck-It Ralph|Brave"
"Question 1031|Wreck-It Ralph|Despicable Me 2"
"Question 1032|Wreck-It Ralph|Penguins of Madagascar"
"Question 1033|Wreck-It Ralph|Meet the Robinsons"
"Question 1034|Wreck-It Ralph|Madagascar: Escape 2 Africa"
"Question 1035|Wreck-It Ralph|How the Grinch Stole Christmas"
"Question 1036|Wreck-It Ralph|Up"
"Question 1037|Wreck-It Ralph|Coco"
"Question 1038|Wreck-It Ralph|The Lego Movie"
"Question 1039|Wreck-It Ralph|Beauty and the Beast"
"Question 1040|Wreck-It Ralph|The Lady and the Tramp"
"Question 1041|Wreck-It Ralph|Tangled"
"Question 1042|Wreck-It Ralph|Kung Fu Panda"
"Question 1043|Wreck-It Ralph|Jungle Book"
"Question 1044|Wreck-It Ralph|Madagascar 3: Europe's Most Wanted"
"Question 1045|Wreck-It Ralph|Ice Age"
"Question 1046|Wreck-It Ralph|Happy Feet"
"Question 1047|Wreck-It Ralph|Rise of the Guardians"
"Question 1048|Wreck-It Ralph|Cinderella"
"Question 1049|Wreck-It Ralph|Despicable Me 3"
"Question 1050|Wreck-It Ralph|Polar Express"
"Question 1051|Wreck-It Ralph|Hotel Transylvania"
"Question 1052|Wreck-It Ralph|Chicken Little"
"Question 1053|Wreck-It Ralph|Tom and Jerry"
"Question 1054|Wreck-It Ralph|Toy Story 3"
"Question 1055|Wreck-It Ralph|Inside Out"
"Question 1056|Wreck-It Ralph|Monsters Inc."
"Question 1057|Wreck-It Ralph|The Iron Giant"
"Question 1058|Wreck-It Ralph|Aladdin"
"Question 1059|Wreck-It Ralph|How to Train Your Dragon 2"
"Question 1060|Wreck-It Ralph|Lego Batman"
"Question 1061|Wreck-It Ralph|Bolt"
"Question 1062|Wreck-It Ralph|Peanuts Movie"
"Question 1063|Wreck-It Ralph|Kung Fu Panda 3"
"Question 1064|Wreck-It Ralph|Monsters University"
"Question 1065|Wreck-It Ralph|Horton Hears A Who"
"Question 1066|Wreck-It Ralph|Cars"
"Question 1067|Wreck-It Ralph|The Lorax"
"Question 1068|Wreck-It Ralph|Bee Movie"
"Question 1069|Wreck-It Ralph|Shrek 2"
"Question 1070|Wreck-It Ralph|The Pokemon Movie"
"Question 1071|Mulan|Kung Fu Panda 2"
"Question 1072|Mulan|Phineas and Ferb The Movie"
"Question 1073|Mulan|Brave"
"Question 1074|Mulan|Despicable Me 2"
"Question 1075|Mulan|Penguins of Madagascar"
"Question 1076|Mulan|Meet the Robinsons"
"Question 1077|Mulan|Madagascar: Escape 2 Africa"
"Question 1078|Mulan|How the Grinch Stole Christmas"
"Question 1079|Mulan|Up"
"Question 1080|Mulan|Coco"
"Question 1081|Mulan|The Lego Movie"
"Question 1082|Mulan|Beauty and the Beast"
"Question 1083|Mulan|The Lady and the Tramp"
"Question 1084|Mulan|Tangled"
"Question 1085|Mulan|Kung Fu Panda"
"Question 1086|Mulan|Jungle Book"
"Question 1087|Mulan|Madagascar 3: Europe's Most Wanted"
"Question 1088|Mulan|Ice Age"
"Question 1089|Mulan|Happy Feet"
"Question 1090|Mulan|Rise of the Guardians"
"Question 1091|Mulan|Cinderella"
"Question 1092|Mulan|Despicable Me 3"
"Question 1093|Mulan|Polar Express"
"Question 1094|Mulan|Hotel Transylvania"
"Question 1095|Mulan|Chicken Little"
"Question 1096|Mulan|Tom and Jerry"
"Question 1097|Mulan|Toy Story 3"
"Question 1098|Mulan|Inside Out"
"Question 1099|Mulan|Monsters Inc."
"Question 1100|Mulan|The Iron Giant"
"Question 1101|Mulan|Aladdin"
"Question 1102|Mulan|How to Train Your Dragon 2"
"Question 1103|Mulan|Lego Batman"
"Question 1104|Mulan|Bolt"
"Question 1105|Mulan|Peanuts Movie"
"Question 1106|Mulan|Kung Fu Panda 3"
"Question 1107|Mulan|Monsters University"
"Question 1108|Mulan|Horton Hears A Who"
"Question 1109|Mulan|Cars"
"Question 1110|Mulan|The Lorax"
"Question 1111|Mulan|Bee Movie"
"Question 1112|Mulan|Shrek 2"
"Question 1113|Mulan|The Pokemon Movie"
"Question 1114|Kung Fu Panda 2|Phineas and Ferb The Movie"
"Question 1115|Kung Fu Panda 2|Brave"
"Question 1116|Kung Fu Panda 2|Despicable Me 2"
"Question 1117|Kung Fu Panda 2|Penguins of Madagascar"
"Question 1118|Kung Fu Panda 2|Meet the Robinsons"
"Question 1119|Kung Fu Panda 2|Madagascar: Escape 2 Africa"
"Question 1120|Kung Fu Panda 2|How the Grinch Stole Christmas"
"Question 1121|Kung Fu Panda 2|Up"
"Question 1122|Kung Fu Panda 2|Coco"
"Question 1123|Kung Fu Panda 2|The Lego Movie"
"Question 1124|Kung Fu Panda 2|Beauty and the Beast"
"Question 1125|Kung Fu Panda 2|The Lady and the Tramp"
"Question 1126|Kung Fu Panda 2|Tangled"
"Question 1127|Kung Fu Panda 2|Kung Fu Panda"
"Question 1128|Kung Fu Panda 2|Jungle Book"
"Question 1129|Kung Fu Panda 2|Madagascar 3: Europe's Most Wanted"
"Question 1130|Kung Fu Panda 2|Ice Age"
"Question 1131|Kung Fu Panda 2|Happy Feet"
"Question 1132|Kung Fu Panda 2|Rise of the Guardians"
"Question 1133|Kung Fu Panda 2|Cinderella"
"Question 1134|Kung Fu Panda 2|Despicable Me 3"
"Question 1135|Kung Fu Panda 2|Polar Express"
"Question 1136|Kung Fu Panda 2|Hotel Transylvania"
"Question 1137|Kung Fu Panda 2|Chicken Little"
"Question 1138|Kung Fu Panda 2|Tom and Jerry"
"Question 1139|Kung Fu Panda 2|Toy Story 3"
"Question 1140|Kung Fu Panda 2|Inside Out"
"Question 1141|Kung Fu Panda 2|Monsters Inc."
"Question 1142|Kung Fu Panda 2|The Iron Giant"
"Question 1143|Kung Fu Panda 2|Aladdin"
"Question 1144|Kung Fu Panda 2|How to Train Your Dragon 2"
"Question 1145|Kung Fu Panda 2|Lego Batman"
"Question 1146|Kung Fu Panda 2|Bolt"
"Question 1147|Kung Fu Panda 2|Peanuts Movie"
"Question 1148|Kung Fu Panda 2|Kung Fu Panda 3"
"Question 1149|Kung Fu Panda 2|Monsters University"
"Question 1150|Kung Fu Panda 2|Horton Hears A Who"
"Question 1151|Kung Fu Panda 2|Cars"
"Question 1152|Kung Fu Panda 2|The Lorax"
"Question 1153|Kung Fu Panda 2|Bee Movie"
"Question 1154|Kung Fu Panda 2|Shrek 2"
"Question 1155|Kung Fu Panda 2|The Pokemon Movie"
"Question 1156|Phineas and Ferb The Movie|Brave"
"Question 1157|Phineas and Ferb The Movie|Despicable Me 2"
"Question 1158|Phineas and Ferb The Movie|Penguins of Madagascar"
"Question 1159|Phineas and Ferb The Movie|Meet the Robinsons"
"Question 1160|Phineas and Ferb The Movie|Madagascar: Escape 2 Africa"
"Question 1161|Phineas and Ferb The Movie|How the Grinch Stole Christmas"
"Question 1162|Phineas and Ferb The Movie|Up"
"Question 1163|Phineas and Ferb The Movie|Coco"
"Question 1164|Phineas and Ferb The Movie|The Lego Movie"
"Question 1165|Phineas and Ferb The Movie|Beauty and the Beast"
"Question 1166|Phineas and Ferb The Movie|The Lady and the Tramp"
"Question 1167|Phineas and Ferb The Movie|Tangled"
"Question 1168|Phineas and Ferb The Movie|Kung Fu Panda"
"Question 1169|Phineas and Ferb The Movie|Jungle Book"
"Question 1170|Phineas and Ferb The Movie|Madagascar 3: Europe's Most Wanted"
"Question 1171|Phineas and Ferb The Movie|Ice Age"
"Question 1172|Phineas and Ferb The Movie|Happy Feet"
"Question 1173|Phineas and Ferb The Movie|Rise of the Guardians"
"Question 1174|Phineas and Ferb The Movie|Cinderella"
"Question 1175|Phineas and Ferb The Movie|Despicable Me 3"
"Question 1176|Phineas and Ferb The Movie|Polar Express"
"Question 1177|Phineas and Ferb The Movie|Hotel Transylvania"
"Question 1178|Phineas and Ferb The Movie|Chicken Little"
"Question 1179|Phineas and Ferb The Movie|Tom and Jerry"
"Question 1180|Phineas and Ferb The Movie|Toy Story 3"
"Question 1181|Phineas and Ferb The Movie|Inside Out"
"Question 1182|Phineas and Ferb The Movie|Monsters Inc."
"Question 1183|Phineas and Ferb The Movie|The Iron Giant"
"Question 1184|Phineas and Ferb The Movie|Aladdin"
"Question 1185|Phineas and Ferb The Movie|How to Train Your Dragon 2"
"Question 1186|Phineas and Ferb The Movie|Lego Batman"
"Question 1187|Phineas and Ferb The Movie|Bolt"
"Question 1188|Phineas and Ferb The Movie|Peanuts Movie"
"Question 1189|Phineas and Ferb The Movie|Kung Fu Panda 3"
"Question 1190|Phineas and Ferb The Movie|Monsters University"
"Question 1191|Phineas and Ferb The Movie|Horton Hears A Who"
"Question 1192|Phineas and Ferb The Movie|Cars"
"Question 1193|Phineas and Ferb The Movie|The Lorax"
"Question 1194|Phineas and Ferb The Movie|Bee Movie"
"Question 1195|Phineas and Ferb The Movie|Shrek 2"
"Question 1196|Phineas and Ferb The Movie|The Pokemon Movie"
"Question 1197|Brave|Despicable Me 2"
"Question 1198|Brave|Penguins of Madagascar"
"Question 1199|Brave|Meet the Robinsons"
"Question 1200|Brave|Madagascar: Escape 2 Africa"
"Question 1201|Brave|How the Grinch Stole Christmas"
"Question 1202|Brave|Up"
"Question 1203|Brave|Coco"
"Question 1204|Brave|The Lego Movie"
"Question 1205|Brave|Beauty and the Beast"
"Question 1206|Brave|The Lady and the Tramp"
"Question 1207|Brave|Tangled"
"Question 1208|Brave|Kung Fu Panda"
"Question 1209|Brave|Jungle Book"
"Question 1210|Brave|Madagascar 3: Europe's Most Wanted"
"Question 1211|Brave|Ice Age"
"Question 1212|Brave|Happy Feet"
"Question 1213|Brave|Rise of the Guardians"
"Question 1214|Brave|Cinderella"
"Question 1215|Brave|Despicable Me 3"
"Question 1216|Brave|Polar Express"
"Question 1217|Brave|Hotel Transylvania"
"Question 1218|Brave|Chicken Little"
"Question 1219|Brave|Tom and Jerry"
"Question 1220|Brave|Toy Story 3"
"Question 1221|Brave|Inside Out"
"Question 1222|Brave|Monsters Inc."
"Question 1223|Brave|The Iron Giant"
"Question 1224|Brave|Aladdin"
"Question 1225|Brave|How to Train Your Dragon 2"
"Question 1226|Brave|Lego Batman"
"Question 1227|Brave|Bolt"
"Question 1228|Brave|Peanuts Movie"
"Question 1229|Brave|Kung Fu Panda 3"
"Question 1230|Brave|Monsters University"
"Question 1231|Brave|Horton Hears A Who"
"Question 1232|Brave|Cars"
"Question 1233|Brave|The Lorax"
"Question 1234|Brave|Bee Movie"
"Question 1235|Brave|Shrek 2"
"Question 1236|Brave|The Pokemon Movie"
"Question 1237|Despicable Me 2|Penguins of Madagascar"
"Question 1238|Despicable Me 2|Meet the Robinsons"
"Question 1239|Despicable Me 2|Madagascar: Escape 2 Africa"
"Question 1240|Despicable Me 2|How the Grinch Stole Christmas"
"Question 1241|Despicable Me 2|Up"
"Question 1242|Despicable Me 2|Coco"
"Question 1243|Despicable Me 2|The Lego Movie"
"Question 1244|Despicable Me 2|Beauty and the Beast"
"Question 1245|Despicable Me 2|The Lady and the Tramp"
"Question 1246|Despicable Me 2|Tangled"
"Question 1247|Despicable Me 2|Kung Fu Panda"
"Question 1248|Despicable Me 2|Jungle Book"
"Question 1249|Despicable Me 2|Madagascar 3: Europe's Most Wanted"
"Question 1250|Despicable Me 2|Ice Age"
"Question 1251|Despicable Me 2|Happy Feet"
"Question 1252|Despicable Me 2|Rise of the Guardians"
"Question 1253|Despicable Me 2|Cinderella"
"Question 1254|Despicable Me 2|Despicable Me 3"
"Question 1255|Despicable Me 2|Polar Express"
"Question 1256|Despicable Me 2|Hotel Transylvania"
"Question 1257|Despicable Me 2|Chicken Little"
"Question 1258|Despicable Me 2|Tom and Jerry"
"Question 1259|Despicable Me 2|Toy Story 3"
"Question 1260|Despicable Me 2|Inside Out"
"Question 1261|Despicable Me 2|Monsters Inc."
"Question 1262|Despicable Me 2|The Iron Giant"
"Question 1263|Despicable Me 2|Aladdin"
"Question 1264|Despicable Me 2|How to Train Your Dragon 2"
"Question 1265|Despicable Me 2|Lego Batman"
"Question 1266|Despicable Me 2|Bolt"
"Question 1267|Despicable Me 2|Peanuts Movie"
"Question 1268|Despicable Me 2|Kung Fu Panda 3"
"Question 1269|Despicable Me 2|Monsters University"
"Question 1270|Despicable Me 2|Horton Hears A Who"
"Question 1271|Despicable Me 2|Cars"
"Question 1272|Despicable Me 2|The Lorax"
"Question 1273|Despicable Me 2|Bee Movie"
"Question 1274|Despicable Me 2|Shrek 2"
"Question 1275|Despicable Me 2|The Pokemon Movie"
"Question 1276|Penguins of Madagascar|Meet the Robinsons"
"Question 1277|Penguins of Madagascar|Madagascar: Escape 2 Africa"
"Question 1278|Penguins of Madagascar|How the Grinch Stole Christmas"
"Question 1279|Penguins of Madagascar|Up"
"Question 1280|Penguins of Madagascar|Coco"
"Question 1281|Penguins of Madagascar|The Lego Movie"
"Question 1282|Penguins of Madagascar|Beauty and the Beast"
"Question 1283|Penguins of Madagascar|The Lady and the Tramp"
"Question 1284|Penguins of Madagascar|Tangled"
"Question 1285|Penguins of Madagascar|Kung Fu Panda"
"Question 1286|Penguins of Madagascar|Jungle Book"
"Question 1287|Penguins of Madagascar|Madagascar 3: Europe's Most Wanted"
"Question 1288|Penguins of Madagascar|Ice Age"
"Question 1289|Penguins of Madagascar|Happy Feet"
"Question 1290|Penguins of Madagascar|Rise of the Guardians"
"Question 1291|Penguins of Madagascar|Cinderella"
"Question 1292|Penguins of Madagascar|Despicable Me 3"
"Question 1293|Penguins of Madagascar|Polar Express"
"Question 1294|Penguins of Madagascar|Hotel Transylvania"
"Question 1295|Penguins of Madagascar|Chicken Little"
"Question 1296|Penguins of Madagascar|Tom and Jerry"
"Question 1297|Penguins of Madagascar|Toy Story 3"
"Question 1298|Penguins of Madagascar|Inside Out"
"Question 1299|Penguins of Madagascar|Monsters Inc."
"Question 1300|Penguins of Madagascar|The Iron Giant"
"Question 1301|Penguins of Madagascar|Aladdin"
"Question 1302|Penguins of Madagascar|How to Train Your Dragon 2"
"Question 1303|Penguins of Madagascar|Lego Batman"
"Question 1304|Penguins of Madagascar|Bolt"
"Question 1305|Penguins of Madagascar|Peanuts Movie"
"Question 1306|Penguins of Madagascar|Kung Fu Panda 3"
"Question 1307|Penguins of Madagascar|Monsters University"
"Question 1308|Penguins of Madagascar|Horton Hears A Who"
"Question 1309|Penguins of Madagascar|Cars"
"Question 1310|Penguins of Madagascar|The Lorax"
"Question 1311|Penguins of Madagascar|Bee Movie"
"Question 1312|Penguins of Madagascar|Shrek 2"
"Question 1313|Penguins of Madagascar|The Pokemon Movie"
"Question 1314|Meet the Robinsons|Madagascar: Escape 2 Africa"
"Question 1315|Meet the Robinsons|How the Grinch Stole Christmas"
"Question 1316|Meet the Robinsons|Up"
"Question 1317|Meet the Robinsons|Coco"
"Question 1318|Meet the Robinsons|The Lego Movie"
"Question 1319|Meet the Robinsons|Beauty and the Beast"
"Question 1320|Meet the Robinsons|The Lady and the Tramp"
"Question 1321|Meet the Robinsons|Tangled"
"Question 1322|Meet the Robinsons|Kung Fu Panda"
"Question 1323|Meet the Robinsons|Jungle Book"
"Question 1324|Meet the Robinsons|Madagascar 3: Europe's Most Wanted"
"Question 1325|Meet the Robinsons|Ice Age"
"Question 1326|Meet the Robinsons|Happy Feet"
"Question 1327|Meet the Robinsons|Rise of the Guardians"
"Question 1328|Meet the Robinsons|Cinderella"
"Question 1329|Meet the Robinsons|Despicable Me 3"
"Question 1330|Meet the Robinsons|Polar Express"
"Question 1331|Meet the Robinsons|Hotel Transylvania"
"Question 1332|Meet the Robinsons|Chicken Little"
"Question 1333|Meet the Robinsons|Tom and Jerry"
"Question 1334|Meet the Robinsons|Toy Story 3"
"Question 1335|Meet the Robinsons|Inside Out"
"Question 1336|Meet the Robinsons|Monsters Inc."
"Question 1337|Meet the Robinsons|The Iron Giant"
"Question 1338|Meet the Robinsons|Aladdin"
"Question 1339|Meet the Robinsons|How to Train Your Dragon 2"
"Question 1340|Meet the Robinsons|Lego Batman"
"Question 1341|Meet the Robinsons|Bolt"
"Question 1342|Meet the Robinsons|Peanuts Movie"
"Question 1343|Meet the Robinsons|Kung Fu Panda 3"
"Question 1344|Meet the Robinsons|Monsters University"
"Question 1345|Meet the Robinsons|Horton Hears A Who"
"Question 1346|Meet the Robinsons|Cars"
"Question 1347|Meet the Robinsons|The Lorax"
"Question 1348|Meet the Robinsons|Bee Movie"
"Question 1349|Meet the Robinsons|Shrek 2"
"Question 1350|Meet the Robinsons|The Pokemon Movie"
"Question 1351|Madagascar: Escape 2 Africa|How the Grinch Stole Christmas"
"Question 1352|Madagascar: Escape 2 Africa|Up"
"Question 1353|Madagascar: Escape 2 Africa|Coco"
"Question 1354|Madagascar: Escape 2 Africa|The Lego Movie"
"Question 1355|Madagascar: Escape 2 Africa|Beauty and the Beast"
"Question 1356|Madagascar: Escape 2 Africa|The Lady and the Tramp"
"Question 1357|Madagascar: Escape 2 Africa|Tangled"
"Question 1358|Madagascar: Escape 2 Africa|Kung Fu Panda"
"Question 1359|Madagascar: Escape 2 Africa|Jungle Book"
"Question 1360|Madagascar: Escape 2 Africa|Madagascar 3: Europe's Most Wanted"
"Question 1361|Madagascar: Escape 2 Africa|Ice Age"
"Question 1362|Madagascar: Escape 2 Africa|Happy Feet"
"Question 1363|Madagascar: Escape 2 Africa|Rise of the Guardians"
"Question 1364|Madagascar: Escape 2 Africa|Cinderella"
"Question 1365|Madagascar: Escape 2 Africa|Despicable Me 3"
"Question 1366|Madagascar: Escape 2 Africa|Polar Express"
"Question 1367|Madagascar: Escape 2 Africa|Hotel Transylvania"
"Question 1368|Madagascar: Escape 2 Africa|Chicken Little"
"Question 1369|Madagascar: Escape 2 Africa|Tom and Jerry"
"Question 1370|Madagascar: Escape 2 Africa|Toy Story 3"
"Question 1371|Madagascar: Escape 2 Africa|Inside Out"
"Question 1372|Madagascar: Escape 2 Africa|Monsters Inc."
"Question 1373|Madagascar: Escape 2 Africa|The Iron Giant"
"Question 1374|Madagascar: Escape 2 Africa|Aladdin"
"Question 1375|Madagascar: Escape 2 Africa|How to Train Your Dragon 2"
"Question 1376|Madagascar: Escape 2 Africa|Lego Batman"
"Question 1377|Madagascar: Escape 2 Africa|Bolt"
"Question 1378|Madagascar: Escape 2 Africa|Peanuts Movie"
"Question 1379|Madagascar: Escape 2 Africa|Kung Fu Panda 3"
"Question 1380|Madagascar: Escape 2 Africa|Monsters University"
"Question 1381|Madagascar: Escape 2 Africa|Horton Hears A Who"
"Question 1382|Madagascar: Escape 2 Africa|Cars"
"Question 1383|Madagascar: Escape 2 Africa|The Lorax"
"Question 1384|Madagascar: Escape 2 Africa|Bee Movie"
"Question 1385|Madagascar: Escape 2 Africa|Shrek 2"
"Question 1386|Madagascar: Escape 2 Africa|The Pokemon Movie"
"Question 1387|How the Grinch Stole Christmas|Up"
"Question 1388|How the Grinch Stole Christmas|Coco"
"Question 1389|How the Grinch Stole Christmas|The Lego Movie"
"Question 1390|How the Grinch Stole Christmas|Beauty and the Beast"
"Question 1391|How the Grinch Stole Christmas|The Lady and the Tramp"
"Question 1392|How the Grinch Stole Christmas|Tangled"
"Question 1393|How the Grinch Stole Christmas|Kung Fu Panda"
"Question 1394|How the Grinch Stole Christmas|Jungle Book"
"Question 1395|How the Grinch Stole Christmas|Madagascar 3: Europe's Most Wanted"
"Question 1396|How the Grinch Stole Christmas|Ice Age"
"Question 1397|How the Grinch Stole Christmas|Happy Feet"
"Question 1398|How the Grinch Stole Christmas|Rise of the Guardians"
"Question 1399|How the Grinch Stole Christmas|Cinderella"
"Question 1400|How the Grinch Stole Christmas|Despicable Me 3"
"Question 1401|How the Grinch Stole Christmas|Polar Express"
"Question 1402|How the Grinch Stole Christmas|Hotel Transylvania"
"Question 1403|How the Grinch Stole Christmas|Chicken Little"
"Question 1404|How the Grinch Stole Christmas|Tom and Jerry"
"Question 1405|How the Grinch Stole Christmas|Toy Story 3"
"Question 1406|How the Grinch Stole Christmas|Inside Out"
"Question 1407|How the Grinch Stole Christmas|Monsters Inc."
"Question 1408|How the Grinch Stole Christmas|The Iron Giant"
"Question 1409|How the Grinch Stole Christmas|Aladdin"
"Question 1410|How the Grinch Stole Christmas|How to Train Your Dragon 2"
"Question 1411|How the Grinch Stole Christmas|Lego Batman"
"Question 1412|How the Grinch Stole Christmas|Bolt"
"Question 1413|How the Grinch Stole Christmas|Peanuts Movie"
"Question 1414|How the Grinch Stole Christmas|Kung Fu Panda 3"
"Question 1415|How the Grinch Stole Christmas|Monsters University"
"Question 1416|How the Grinch Stole Christmas|Horton Hears A Who"
"Question 1417|How the Grinch Stole Christmas|Cars"
"Question 1418|How the Grinch Stole Christmas|The Lorax"
"Question 1419|How the Grinch Stole Christmas|Bee Movie"
"Question 1420|How the Grinch Stole Christmas|Shrek 2"
"Question 1421|How the Grinch Stole Christmas|The Pokemon Movie"
"Question 1422|Up|Coco"
"Question 1423|Up|The Lego Movie"
"Question 1424|Up|Beauty and the Beast"
"Question 1425|Up|The Lady and the Tramp"
"Question 1426|Up|Tangled"
"Question 1427|Up|Kung Fu Panda"
"Question 1428|Up|Jungle Book"
"Question 1429|Up|Madagascar 3: Europe's Most Wanted"
"Question 1430|Up|Ice Age"
"Question 1431|Up|Happy Feet"
"Question 1432|Up|Rise of the Guardians"
"Question 1433|Up|Cinderella"
"Question 1434|Up|Despicable Me 3"
"Question 1435|Up|Polar Express"
"Question 1436|Up|Hotel Transylvania"
"Question 1437|Up|Chicken Little"
"Question 1438|Up|Tom and Jerry"
"Question 1439|Up|Toy Story 3"
"Question 1440|Up|Inside Out"
"Question 1441|Up|Monsters Inc."
"Question 1442|Up|The Iron Giant"
"Question 1443|Up|Aladdin"
"Question 1444|Up|How to Train Your Dragon 2"
"Question 1445|Up|Lego Batman"
"Question 1446|Up|Bolt"
"Question 1447|Up|Peanuts Movie"
"Question 1448|Up|Kung Fu Panda 3"
"Question 1449|Up|Monsters University"
"Question 1450|Up|Horton Hears A Who"
"Question 1451|Up|Cars"
"Question 1452|Up|The Lorax"
"Question 1453|Up|Bee Movie"
"Question 1454|Up|Shrek 2"
"Question 1455|Up|The Pokemon Movie"
"Question 1456|Coco|The Lego Movie"
"Question 1457|Coco|Beauty and the Beast"
"Question 1458|Coco|The Lady and the Tramp"
"Question 1459|Coco|Tangled"
"Question 1460|Coco|Kung Fu Panda"
"Question 1461|Coco|Jungle Book"
"Question 1462|Coco|Madagascar 3: Europe's Most Wanted"
"Question 1463|Coco|Ice Age"
"Question 1464|Coco|Happy Feet"
"Question 1465|Coco|Rise of the Guardians"
"Question 1466|Coco|Cinderella"
"Question 1467|Coco|Despicable Me 3"
"Question 1468|Coco|Polar Express"
"Question 1469|Coco|Hotel Transylvania"
"Question 1470|Coco|Chicken Little"
"Question 1471|Coco|Tom and Jerry"
"Question 1472|Coco|Toy Story 3"
"Question 1473|Coco|Inside Out"
"Question 1474|Coco|Monsters Inc."
"Question 1475|Coco|The Iron Giant"
"Question 1476|Coco|Aladdin"
"Question 1477|Coco|How to Train Your Dragon 2"
"Question 1478|Coco|Lego Batman"
"Question 1479|Coco|Bolt"
"Question 1480|Coco|Peanuts Movie"
"Question 1481|Coco|Kung Fu Panda 3"
"Question 1482|Coco|Monsters University"
"Question 1483|Coco|Horton Hears A Who"
"Question 1484|Coco|Cars"
"Question 1485|Coco|The Lorax"
"Question 1486|Coco|Bee Movie"
"Question 1487|Coco|Shrek 2"
"Question 1488|Coco|The Pokemon Movie"
"Question 1489|The Lego Movie|Beauty and the Beast"
"Question 1490|The Lego Movie|The Lady and the Tramp"
"Question 1491|The Lego Movie|Tangled"
"Question 1492|The Lego Movie|Kung Fu Panda"
"Question 1493|The Lego Movie|Jungle Book"
"Question 1494|The Lego Movie|Madagascar 3: Europe's Most Wanted"
"Question 1495|The Lego Movie|Ice Age"
"Question 1496|The Lego Movie|Happy Feet"
"Question 1497|The Lego Movie|Rise of the Guardians"
"Question 1498|The Lego Movie|Cinderella"
"Question 1499|The Lego Movie|Despicable Me 3"
"Question 1500|The Lego Movie|Polar Express"
"Question 1501|The Lego Movie|Hotel Transylvania"
"Question 1502|The Lego Movie|Chicken Little"
"Question 1503|The Lego Movie|Tom and Jerry"
"Question 1504|The Lego Movie|Toy Story 3"
"Question 1505|The Lego Movie|Inside Out"
"Question 1506|The Lego Movie|Monsters Inc."
"Question 1507|The Lego Movie|The Iron Giant"
"Question 1508|The Lego Movie|Aladdin"
"Question 1509|The Lego Movie|How to Train Your Dragon 2"
"Question 1510|The Lego Movie|Lego Batman"
"Question 1511|The Lego Movie|Bolt"
"Question 1512|The Lego Movie|Peanuts Movie"
"Question 1513|The Lego Movie|Kung Fu Panda 3"
"Question 1514|The Lego Movie|Monsters University"
"Question 1515|The Lego Movie|Horton Hears A Who"
"Question 1516|The Lego Movie|Cars"
"Question 1517|The Lego Movie|The Lorax"
"Question 1518|The Lego Movie|Bee Movie"
"Question 1519|The Lego Movie|Shrek 2"
"Question 1520|The Lego Movie|The Pokemon Movie"
"Question 1521|Beauty and the Beast|The Lady and the Tramp"
"Question 1522|Beauty and the Beast|Tangled"
"Question 1523|Beauty and the Beast|Kung Fu Panda"
"Question 1524|Beauty and the Beast|Jungle Book"
"Question 1525|Beauty and the Beast|Madagascar 3: Europe's Most Wanted"
"Question 1526|Beauty and the Beast|Ice Age"
"Question 1527|Beauty and the Beast|Happy Feet"
"Question 1528|Beauty and the Beast|Rise of the Guardians"
"Question 1529|Beauty and the Beast|Cinderella"
"Question 1530|Beauty and the Beast|Despicable Me 3"
"Question 1531|Beauty and the Beast|Polar Express"
"Question 1532|Beauty and the Beast|Hotel Transylvania"
"Question 1533|Beauty and the Beast|Chicken Little"
"Question 1534|Beauty and the Beast|Tom and Jerry"
"Question 1535|Beauty and the Beast|Toy Story 3"
"Question 1536|Beauty and the Beast|Inside Out"
"Question 1537|Beauty and the Beast|Monsters Inc."
"Question 1538|Beauty and the Beast|The Iron Giant"
"Question 1539|Beauty and the Beast|Aladdin"
"Question 1540|Beauty and the Beast|How to Train Your Dragon 2"
"Question 1541|Beauty and the Beast|Lego Batman"
"Question 1542|Beauty and the Beast|Bolt"
"Question 1543|Beauty and the Beast|Peanuts Movie"
"Question 1544|Beauty and the Beast|Kung Fu Panda 3"
"Question 1545|Beauty and the Beast|Monsters University"
"Question 1546|Beauty and the Beast|Horton Hears A Who"
"Question 1547|Beauty and the Beast|Cars"
"Question 1548|Beauty and the Beast|The Lorax"
"Question 1549|Beauty and the Beast|Bee Movie"
"Question 1550|Beauty and the Beast|Shrek 2"
"Question 1551|Beauty and the Beast|The Pokemon Movie"
"Question 1552|The Lady and the Tramp|Tangled"
"Question 1553|The Lady and the Tramp|Kung Fu Panda"
"Question 1554|The Lady and the Tramp|Jungle Book"
"Question 1555|The Lady and the Tramp|Madagascar 3: Europe's Most Wanted"
"Question 1556|The Lady and the Tramp|Ice Age"
"Question 1557|The Lady and the Tramp|Happy Feet"
"Question 1558|The Lady and the Tramp|Rise of the Guardians"
"Question 1559|The Lady and the Tramp|Cinderella"
"Question 1560|The Lady and the Tramp|Despicable Me 3"
"Question 1561|The Lady and the Tramp|Polar Express"
"Question 1562|The Lady and the Tramp|Hotel Transylvania"
"Question 1563|The Lady and the Tramp|Chicken Little"
"Question 1564|The Lady and the Tramp|Tom and Jerry"
"Question 1565|The Lady and the Tramp|Toy Story 3"
"Question 1566|The Lady and the Tramp|Inside Out"
"Question 1567|The Lady and the Tramp|Monsters Inc."
"Question 1568|The Lady and the Tramp|The Iron Giant"
"Question 1569|The Lady and the Tramp|Aladdin"
"Question 1570|The Lady and the Tramp|How to Train Your Dragon 2"
"Question 1571|The Lady and the Tramp|Lego Batman"
"Question 1572|The Lady and the Tramp|Bolt"
"Question 1573|The Lady and the Tramp|Peanuts Movie"
"Question 1574|The Lady and the Tramp|Kung Fu Panda 3"
"Question 1575|The Lady and the Tramp|Monsters University"
"Question 1576|The Lady and the Tramp|Horton Hears A Who"
"Question 1577|The Lady and the Tramp|Cars"
"Question 1578|The Lady and the Tramp|The Lorax"
"Question 1579|The Lady and the Tramp|Bee Movie"
"Question 1580|The Lady and the Tramp|Shrek 2"
"Question 1581|The Lady and the Tramp|The Pokemon Movie"
"Question 1582|Tangled|Kung Fu Panda"
"Question 1583|Tangled|Jungle Book"
"Question 1584|Tangled|Madagascar 3: Europe's Most Wanted"
"Question 1585|Tangled|Ice Age"
"Question 1586|Tangled|Happy Feet"
"Question 1587|Tangled|Rise of the Guardians"
"Question 1588|Tangled|Cinderella"
"Question 1589|Tangled|Despicable Me 3"
"Question 1590|Tangled|Polar Express"
"Question 1591|Tangled|Hotel Transylvania"
"Question 1592|Tangled|Chicken Little"
"Question 1593|Tangled|Tom and Jerry"
"Question 1594|Tangled|Toy Story 3"
"Question 1595|Tangled|Inside Out"
"Question 1596|Tangled|Monsters Inc."
"Question 1597|Tangled|The Iron Giant"
"Question 1598|Tangled|Aladdin"
"Question 1599|Tangled|How to Train Your Dragon 2"
"Question 1600|Tangled|Lego Batman"
"Question 1601|Tangled|Bolt"
"Question 1602|Tangled|Peanuts Movie"
"Question 1603|Tangled|Kung Fu Panda 3"
"Question 1604|Tangled|Monsters University"
"Question 1605|Tangled|Horton Hears A Who"
"Question 1606|Tangled|Cars"
"Question 1607|Tangled|The Lorax"
"Question 1608|Tangled|Bee Movie"
"Question 1609|Tangled|Shrek 2"
"Question 1610|Tangled|The Pokemon Movie"
"Question 1611|Kung Fu Panda|Jungle Book"
"Question 1612|Kung Fu Panda|Madagascar 3: Europe's Most Wanted"
"Question 1613|Kung Fu Panda|Ice Age"
"Question 1614|Kung Fu Panda|Happy Feet"
"Question 1615|Kung Fu Panda|Rise of the Guardians"
"Question 1616|Kung Fu Panda|Cinderella"
"Question 1617|Kung Fu Panda|Despicable Me 3"
"Question 1618|Kung Fu Panda|Polar Express"
"Question 1619|Kung Fu Panda|Hotel Transylvania"
"Question 1620|Kung Fu Panda|Chicken Little"
"Question 1621|Kung Fu Panda|Tom and Jerry"
"Question 1622|Kung Fu Panda|Toy Story 3"
"Question 1623|Kung Fu Panda|Inside Out"
"Question 1624|Kung Fu Panda|Monsters Inc."
"Question 1625|Kung Fu Panda|The Iron Giant"
"Question 1626|Kung Fu Panda|Aladdin"
"Question 1627|Kung Fu Panda|How to Train Your Dragon 2"
"Question 1628|Kung Fu Panda|Lego Batman"
"Question 1629|Kung Fu Panda|Bolt"
"Question 1630|Kung Fu Panda|Peanuts Movie"
"Question 1631|Kung Fu Panda|Kung Fu Panda 3"
"Question 1632|Kung Fu Panda|Monsters University"
"Question 1633|Kung Fu Panda|Horton Hears A Who"
"Question 1634|Kung Fu Panda|Cars"
"Question 1635|Kung Fu Panda|The Lorax"
"Question 1636|Kung Fu Panda|Bee Movie"
"Question 1637|Kung Fu Panda|Shrek 2"
"Question 1638|Kung Fu Panda|The Pokemon Movie"
"Question 1639|Jungle Book|Madagascar 3: Europe's Most Wanted"
"Question 1640|Jungle Book|Ice Age"
"Question 1641|Jungle Book|Happy Feet"
"Question 1642|Jungle Book|Rise of the Guardians"
"Question 1643|Jungle Book|Cinderella"
"Question 1644|Jungle Book|Despicable Me 3"
"Question 1645|Jungle Book|Polar Express"
"Question 1646|Jungle Book|Hotel Transylvania"
"Question 1647|Jungle Book|Chicken Little"
"Question 1648|Jungle Book|Tom and Jerry"
"Question 1649|Jungle Book|Toy Story 3"
"Question 1650|Jungle Book|Inside Out"
"Question 1651|Jungle Book|Monsters Inc."
"Question 1652|Jungle Book|The Iron Giant"
"Question 1653|Jungle Book|Aladdin"
"Question 1654|Jungle Book|How to Train Your Dragon 2"
"Question 1655|Jungle Book|Lego Batman"
"Question 1656|Jungle Book|Bolt"
"Question 1657|Jungle Book|Peanuts Movie"
"Question 1658|Jungle Book|Kung Fu Panda 3"
"Question 1659|Jungle Book|Monsters University"
"Question 1660|Jungle Book|Horton Hears A Who"
"Question 1661|Jungle Book|Cars"
"Question 1662|Jungle Book|The Lorax"
"Question 1663|Jungle Book|Bee Movie"
"Question 1664|Jungle Book|Shrek 2"
"Question 1665|Jungle Book|The Pokemon Movie"
"Question 1666|Madagascar 3: Europe's Most Wanted|Ice Age"
"Question 1667|Madagascar 3: Europe's Most Wanted|Happy Feet"
"Question 1668|Madagascar 3: Europe's Most Wanted|Rise of the Guardians"
"Question 1669|Madagascar 3: Europe's Most Wanted|Cinderella"
"Question 1670|Madagascar 3: Europe's Most Wanted|Despicable Me 3"
"Question 1671|Madagascar 3: Europe's Most Wanted|Polar Express"
"Question 1672|Madagascar 3: Europe's Most Wanted|Hotel Transylvania"
"Question 1673|Madagascar 3: Europe's Most Wanted|Chicken Little"
"Question 1674|Madagascar 3: Europe's Most Wanted|Tom and Jerry"
"Question 1675|Madagascar 3: Europe's Most Wanted|Toy Story 3"
"Question 1676|Madagascar 3: Europe's Most Wanted|Inside Out"
"Question 1677|Madagascar 3: Europe's Most Wanted|Monsters Inc."
"Question 1678|Madagascar 3: Europe's Most Wanted|The Iron Giant"
"Question 1679|Madagascar 3: Europe's Most Wanted|Aladdin"
"Question 1680|Madagascar 3: Europe's Most Wanted|How to Train Your Dragon 2"
"Question 1681|Madagascar 3: Europe's Most Wanted|Lego Batman"
"Question 1682|Madagascar 3: Europe's Most Wanted|Bolt"
"Question 1683|Madagascar 3: Europe's Most Wanted|Peanuts Movie"
"Question 1684|Madagascar 3: Europe's Most Wanted|Kung Fu Panda 3"
"Question 1685|Madagascar 3: Europe's Most Wanted|Monsters University"
"Question 1686|Madagascar 3: Europe's Most Wanted|Horton Hears A Who"
"Question 1687|Madagascar 3: Europe's Most Wanted|Cars"
"Question 1688|Madagascar 3: Europe's Most Wanted|The Lorax"
"Question 1689|Madagascar 3: Europe's Most Wanted|Bee Movie"
"Question 1690|Madagascar 3: Europe's Most Wanted|Shrek 2"
"Question 1691|Madagascar 3: Europe's Most Wanted|The Pokemon Movie"
"Question 1692|Ice Age|Happy Feet"
"Question 1693|Ice Age|Rise of the Guardians"
"Question 1694|Ice Age|Cinderella"
"Question 1695|Ice Age|Despicable Me 3"
"Question 1696|Ice Age|Polar Express"
"Question 1697|Ice Age|Hotel Transylvania"
"Question 1698|Ice Age|Chicken Little"
"Question 1699|Ice Age|Tom and Jerry"
"Question 1700|Ice Age|Toy Story 3"
"Question 1701|Ice Age|Inside Out"
"Question 1702|Ice Age|Monsters Inc."
"Question 1703|Ice Age|The Iron Giant"
"Question 1704|Ice Age|Aladdin"
"Question 1705|Ice Age|How to Train Your Dragon 2"
"Question 1706|Ice Age|Lego Batman"
"Question 1707|Ice Age|Bolt"
"Question 1708|Ice Age|Peanuts Movie"
"Question 1709|Ice Age|Kung Fu Panda 3"
"Question 1710|Ice Age|Monsters University"
"Question 1711|Ice Age|Horton Hears A Who"
"Question 1712|Ice Age|Cars"
"Question 1713|Ice Age|The Lorax"
"Question 1714|Ice Age|Bee Movie"
"Question 1715|Ice Age|Shrek 2"
"Question 1716|Ice Age|The Pokemon Movie"
"Question 1717|Happy Feet|Rise of the Guardians"
"Question 1718|Happy Feet|Cinderella"
"Question 1719|Happy Feet|Despicable Me 3"
"Question 1720|Happy Feet|Polar Express"
"Question 1721|Happy Feet|Hotel Transylvania"
"Question 1722|Happy Feet|Chicken Little"
"Question 1723|Happy Feet|Tom and Jerry"
"Question 1724|Happy Feet|Toy Story 3"
"Question 1725|Happy Feet|Inside Out"
"Question 1726|Happy Feet|Monsters Inc."
"Question 1727|Happy Feet|The Iron Giant"
"Question 1728|Happy Feet|Aladdin"
"Question 1729|Happy Feet|How to Train Your Dragon 2"
"Question 1730|Happy Feet|Lego Batman"
"Question 1731|Happy Feet|Bolt"
"Question 1732|Happy Feet|Peanuts Movie"
"Question 1733|Happy Feet|Kung Fu Panda 3"
"Question 1734|Happy Feet|Monsters University"
"Question 1735|Happy Feet|Horton Hears A Who"
"Question 1736|Happy Feet|Cars"
"Question 1737|Happy Feet|The Lorax"
"Question 1738|Happy Feet|Bee Movie"
"Question 1739|Happy Feet|Shrek 2"
"Question 1740|Happy Feet|The Pokemon Movie"
"Question 1741|Rise of the Guardians|Cinderella"
"Question 1742|Rise of the Guardians|Despicable Me 3"
"Question 1743|Rise of the Guardians|Polar Express"
"Question 1744|Rise of the Guardians|Hotel Transylvania"
"Question 1745|Rise of the Guardians|Chicken Little"
"Question 1746|Rise of the Guardians|Tom and Jerry"
"Question 1747|Rise of the Guardians|Toy Story 3"
"Question 1748|Rise of the Guardians|Inside Out"
"Question 1749|Rise of the Guardians|Monsters Inc."
"Question 1750|Rise of the Guardians|The Iron Giant"
"Question 1751|Rise of the Guardians|Aladdin"
"Question 1752|Rise of the Guardians|How to Train Your Dragon 2"
"Question 1753|Rise of the Guardians|Lego Batman"
"Question 1754|Rise of the Guardians|Bolt"
"Question 1755|Rise of the Guardians|Peanuts Movie"
"Question 1756|Rise of the Guardians|Kung Fu Panda 3"
"Question 1757|Rise of the Guardians|Monsters University"
"Question 1758|Rise of the Guardians|Horton Hears A Who"
"Question 1759|Rise of the Guardians|Cars"
"Question 1760|Rise of the Guardians|The Lorax"
"Question 1761|Rise of the Guardians|Bee Movie"
"Question 1762|Rise of the Guardians|Shrek 2"
"Question 1763|Rise of the Guardians|The Pokemon Movie"
"Question 1764|Cinderella|Despicable Me 3"
"Question 1765|Cinderella|Polar Express"
"Question 1766|Cinderella|Hotel Transylvania"
"Question 1767|Cinderella|Chicken Little"
"Question 1768|Cinderella|Tom and Jerry"
"Question 1769|Cinderella|Toy Story 3"
"Question 1770|Cinderella|Inside Out"
"Question 1771|Cinderella|Monsters Inc."
"Question 1772|Cinderella|The Iron Giant"
"Question 1773|Cinderella|Aladdin"
"Question 1774|Cinderella|How to Train Your Dragon 2"
"Question 1775|Cinderella|Lego Batman"
"Question 1776|Cinderella|Bolt"
"Question 1777|Cinderella|Peanuts Movie"
"Question 1778|Cinderella|Kung Fu Panda 3"
"Question 1779|Cinderella|Monsters University"
"Question 1780|Cinderella|Horton Hears A Who"
"Question 1781|Cinderella|Cars"
"Question 1782|Cinderella|The Lorax"
"Question 1783|Cinderella|Bee Movie"
"Question 1784|Cinderella|Shrek 2"
"Question 1785|Cinderella|The Pokemon Movie"
"Question 1786|Despicable Me 3|Polar Express"
"Question 1787|Despicable Me 3|Hotel Transylvania"
"Question 1788|Despicable Me 3|Chicken Little"
"Question 1789|Despicable Me 3|Tom and Jerry"
"Question 1790|Despicable Me 3|Toy Story 3"
"Question 1791|Despicable Me 3|Inside Out"
"Question 1792|Despicable Me 3|Monsters Inc."
"Question 1793|Despicable Me 3|The Iron Giant"
"Question 1794|Despicable Me 3|Aladdin"
"Question 1795|Despicable Me 3|How to Train Your Dragon 2"
"Question 1796|Despicable Me 3|Lego Batman"
"Question 1797|Despicable Me 3|Bolt"
"Question 1798|Despicable Me 3|Peanuts Movie"
"Question 1799|Despicable Me 3|Kung Fu Panda 3"
"Question 1800|Despicable Me 3|Monsters University"
"Question 1801|Despicable Me 3|Horton Hears A Who"
"Question 1802|Despicable Me 3|Cars"
"Question 1803|Despicable Me 3|The Lorax"
"Question 1804|Despicable Me 3|Bee Movie"
"Question 1805|Despicable Me 3|Shrek 2"
"Question 1806|Despicable Me 3|The Pokemon Movie"
"Question 1807|Polar Express|Hotel Transylvania"
"Question 1808|Polar Express|Chicken Little"
"Question 1809|Polar Express|Tom and Jerry"
"Question 1810|Polar Express|Toy Story 3"
"Question 1811|Polar Express|Inside Out"
"Question 1812|Polar Express|Monsters Inc."
"Question 1813|Polar Express|The Iron Giant"
"Question 1814|Polar Express|Aladdin"
"Question 1815|Polar Express|How to Train Your Dragon 2"
"Question 1816|Polar Express|Lego Batman"
"Question 1817|Polar Express|Bolt"
"Question 1818|Polar Express|Peanuts Movie"
"Question 1819|Polar Express|Kung Fu Panda 3"
"Question 1820|Polar Express|Monsters University"
"Question 1821|Polar Express|Horton Hears A Who"
"Question 1822|Polar Express|Cars"
"Question 1823|Polar Express|The Lorax"
"Question 1824|Polar Express|Bee Movie"
"Question 1825|Polar Express|Shrek 2"
"Question 1826|Polar Express|The Pokemon Movie"
"Question 1827|Hotel Transylvania|Chicken Little"
"Question 1828|Hotel Transylvania|Tom and Jerry"
"Question 1829|Hotel Transylvania|Toy Story 3"
"Question 1830|Hotel Transylvania|Inside Out"
"Question 1831|Hotel Transylvania|Monsters Inc."
"Question 1832|Hotel Transylvania|The Iron Giant"
"Question 1833|Hotel Transylvania|Aladdin"
"Question 1834|Hotel Transylvania|How to Train Your Dragon 2"
"Question 1835|Hotel Transylvania|Lego Batman"
"Question 1836|Hotel Transylvania|Bolt"
"Question 1837|Hotel Transylvania|Peanuts Movie"
"Question 1838|Hotel Transylvania|Kung Fu Panda 3"
"Question 1839|Hotel Transylvania|Monsters University"
"Question 1840|Hotel Transylvania|Horton Hears A Who"
"Question 1841|Hotel Transylvania|Cars"
"Question 1842|Hotel Transylvania|The Lorax"
"Question 1843|Hotel Transylvania|Bee Movie"
"Question 1844|Hotel Transylvania|Shrek 2"
"Question 1845|Hotel Transylvania|The Pokemon Movie"
"Question 1846|Chicken Little|Tom and Jerry"
"Question 1847|Chicken Little|Toy Story 3"
"Question 1848|Chicken Little|Inside Out"
"Question 1849|Chicken Little|Monsters Inc."
"Question 1850|Chicken Little|The Iron Giant"
"Question 1851|Chicken Little|Aladdin"
"Question 1852|Chicken Little|How to Train Your Dragon 2"
"Question 1853|Chicken Little|Lego Batman"
"Question 1854|Chicken Little|Bolt"
"Question 1855|Chicken Little|Peanuts Movie"
"Question 1856|Chicken Little|Kung Fu Panda 3"
"Question 1857|Chicken Little|Monsters University"
"Question 1858|Chicken Little|Horton Hears A Who"
"Question 1859|Chicken Little|Cars"
"Question 1860|Chicken Little|The Lorax"
"Question 1861|Chicken Little|Bee Movie"
"Question 1862|Chicken Little|Shrek 2"
"Question 1863|Chicken Little|The Pokemon Movie"
"Question 1864|Tom and Jerry|Toy Story 3"
"Question 1865|Tom and Jerry|Inside Out"
"Question 1866|Tom and Jerry|Monsters Inc."
"Question 1867|Tom and Jerry|The Iron Giant"
"Question 1868|Tom and Jerry|Aladdin"
"Question 1869|Tom and Jerry|How to Train Your Dragon 2"
"Question 1870|Tom and Jerry|Lego Batman"
"Question 1871|Tom and Jerry|Bolt"
"Question 1872|Tom and Jerry|Peanuts Movie"
"Question 1873|Tom and Jerry|Kung Fu Panda 3"
"Question 1874|Tom and Jerry|Monsters University"
"Question 1875|Tom and Jerry|Horton Hears A Who"
"Question 1876|Tom and Jerry|Cars"
"Question 1877|Tom and Jerry|The Lorax"
"Question 1878|Tom and Jerry|Bee Movie"
"Question 1879|Tom and Jerry|Shrek 2"
"Question 1880|Tom and Jerry|The Pokemon Movie"
"Question 1881|Toy Story 3|Inside Out"
"Question 1882|Toy Story 3|Monsters Inc."
"Question 1883|Toy Story 3|The Iron Giant"
"Question 1884|Toy Story 3|Aladdin"
"Question 1885|Toy Story 3|How to Train Your Dragon 2"
"Question 1886|Toy Story 3|Lego Batman"
"Question 1887|Toy Story 3|Bolt"
"Question 1888|Toy Story 3|Peanuts Movie"
"Question 1889|Toy Story 3|Kung Fu Panda 3"
"Question 1890|Toy Story 3|Monsters University"
"Question 1891|Toy Story 3|Horton Hears A Who"
"Question 1892|Toy Story 3|Cars"
"Question 1893|Toy Story 3|The Lorax"
"Question 1894|Toy Story 3|Bee Movie"
"Question 1895|Toy Story 3|Shrek 2"
"Question 1896|Toy Story 3|The Pokemon Movie"
"Question 1897|Inside Out|Monsters Inc."
"Question 1898|Inside Out|The Iron Giant"
"Question 1899|Inside Out|Aladdin"
"Question 1900|Inside Out|How to Train Your Dragon 2"
"Question 1901|Inside Out|Lego Batman"
"Question 1902|Inside Out|Bolt"
"Question 1903|Inside Out|Peanuts Movie"
"Question 1904|Inside Out|Kung Fu Panda 3"
"Question 1905|Inside Out|Monsters University"
"Question 1906|Inside Out|Horton Hears A Who"
"Question 1907|Inside Out|Cars"
"Question 1908|Inside Out|The Lorax"
"Question 1909|Inside Out|Bee Movie"
"Question 1910|Inside Out|Shrek 2"
"Question 1911|Inside Out|The Pokemon Movie"
"Question 1912|Monsters Inc.|The Iron Giant"
"Question 1913|Monsters Inc.|Aladdin"
"Question 1914|Monsters Inc.|How to Train Your Dragon 2"
"Question 1915|Monsters Inc.|Lego Batman"
"Question 1916|Monsters Inc.|Bolt"
"Question 1917|Monsters Inc.|Peanuts Movie"
"Question 1918|Monsters Inc.|Kung Fu Panda 3"
"Question 1919|Monsters Inc.|Monsters University"
"Question 1920|Monsters Inc.|Horton Hears A Who"
"Question 1921|Monsters Inc.|Cars"
"Question 1922|Monsters Inc.|The Lorax"
"Question 1923|Monsters Inc.|Bee Movie"
"Question 1924|Monsters Inc.|Shrek 2"
"Question 1925|Monsters Inc.|The Pokemon Movie"
"Question 1926|The Iron Giant|Aladdin"
"Question 1927|The Iron Giant|How to Train Your Dragon 2"
"Question 1928|The Iron Giant|Lego Batman"
"Question 1929|The Iron Giant|Bolt"
"Question 1930|The Iron Giant|Peanuts Movie"
"Question 1931|The Iron Giant|Kung Fu Panda 3"
"Question 1932|The Iron Giant|Monsters University"
"Question 1933|The Iron Giant|Horton Hears A Who"
"Question 1934|The Iron Giant|Cars"
"Question 1935|The Iron Giant|The Lorax"
"Question 1936|The Iron Giant|Bee Movie"
"Question 1937|The Iron Giant|Shrek 2"
"Question 1938|The Iron Giant|The Pokemon Movie"
"Question 1939|Aladdin|How to Train Your Dragon 2"
"Question 1940|Aladdin|Lego Batman"
"Question 1941|Aladdin|Bolt"
"Question 1942|Aladdin|Peanuts Movie"
"Question 1943|Aladdin|Kung Fu Panda 3"
"Question 1944|Aladdin|Monsters University"
"Question 1945|Aladdin|Horton Hears A Who"
"Question 1946|Aladdin|Cars"
"Question 1947|Aladdin|The Lorax"
"Question 1948|Aladdin|Bee Movie"
"Question 1949|Aladdin|Shrek 2"
"Question 1950|Aladdin|The Pokemon Movie"
"Question 1951|How to Train Your Dragon 2|Lego Batman"
"Question 1952|How to Train Your Dragon 2|Bolt"
"Question 1953|How to Train Your Dragon 2|Peanuts Movie"
"Question 1954|How to Train Your Dragon 2|Kung Fu Panda 3"
"Question 1955|How to Train Your Dragon 2|Monsters University"
"Question 1956|How to Train Your Dragon 2|Horton Hears A Who"
"Question 1957|How to Train Your Dragon 2|Cars"
"Question 1958|How to Train Your Dragon 2|The Lorax"
"Question 1959|How to Train Your Dragon 2|Bee Movie"
"Question 1960|How to Train Your Dragon 2|Shrek 2"
"Question 1961|How to Train Your Dragon 2|The Pokemon Movie"
"Question 1962|Lego Batman|Bolt"
"Question 1963|Lego Batman|Peanuts Movie"
"Question 1964|Lego Batman|Kung Fu Panda 3"
"Question 1965|Lego Batman|Monsters University"
"Question 1966|Lego Batman|Horton Hears A Who"
"Question 1967|Lego Batman|Cars"
"Question 1968|Lego Batman|The Lorax"
"Question 1969|Lego Batman|Bee Movie"
"Question 1970|Lego Batman|Shrek 2"
"Question 1971|Lego Batman|The Pokemon Movie"
"Question 1972|Bolt|Peanuts Movie"
"Question 1973|Bolt|Kung Fu Panda 3"
"Question 1974|Bolt|Monsters University"
"Question 1975|Bolt|Horton Hears A Who"
"Question 1976|Bolt|Cars"
"Question 1977|Bolt|The Lorax"
"Question 1978|Bolt|Bee Movie"
"Question 1979|Bolt|Shrek 2"
"Question 1980|Bolt|The Pokemon Movie"
"Question 1981|Peanuts Movie|Kung Fu Panda 3"
"Question 1982|Peanuts Movie|Monsters University"
"Question 1983|Peanuts Movie|Horton Hears A Who"
"Question 1984|Peanuts Movie|Cars"
"Question 1985|Peanuts Movie|The Lorax"
"Question 1986|Peanuts Movie|Bee Movie"
"Question 1987|Peanuts Movie|Shrek 2"
"Question 1988|Peanuts Movie|The Pokemon Movie"
"Question 1989|Kung Fu Panda 3|Monsters University"
"Question 1990|Kung Fu Panda 3|Horton Hears A Who"
"Question 1991|Kung Fu Panda 3|Cars"
"Question 1992|Kung Fu Panda 3|The Lorax"
"Question 1993|Kung Fu Panda 3|Bee Movie"
"Question 1994|Kung Fu Panda 3|Shrek 2"
"Question 1995|Kung Fu Panda 3|The Pokemon Movie"
"Question 1996|Monsters University|Horton Hears A Who"
"Question 1997|Monsters University|Cars"
"Question 1998|Monsters University|The Lorax"
"Question 1999|Monsters University|Bee Movie"
"Question 2000|Monsters University|Shrek 2"
"Question 2001|Monsters University|The Pokemon Movie"
"Question 2002|Horton Hears A Who|Cars"
"Question 2003|Horton Hears A Who|The Lorax"
"Question 2004|Horton Hears A Who|Bee Movie"
"Question 2005|Horton Hears A Who|Shrek 2"
"Question 2006|Horton Hears A Who|The Pokemon Movie"
"Question 2007|Cars|The Lorax"
"Question 2008|Cars|Bee Movie"
"Question 2009|Cars|Shrek 2"
"Question 2010|Cars|The Pokemon Movie"
"Question 2011|The Lorax|Bee Movie"
"Question 2012|The Lorax|Shrek 2"
"Question 2013|The Lorax|The Pokemon Movie"
"Question 2014|Bee Movie|Shrek 2"
"Question 2015|Bee Movie|The Pokemon Movie"
"Question 2016|Shrek 2|The Pokemon Movie"
